products,price,special_price,saving
POLVO ETRE BELLE DIAMOND MINERAL ROUGE NO 01,20.36,19.75,0.6099999999999994
PINTA LABIOS ETRE BELLE PERFECT MAT LIPSTICK NO 06,18.39,17.84,0.5500000000000007
PINTA LABIOS ETRE BELLE PERFECT MAT LIPSTICK NO 04,18.39,17.84,0.5500000000000007
POLVO ETRE BELLE DIAMOND MINERAL ROUGE NO 02,20.36,19.75,0.6099999999999994
PINTA LABIOS ETRE BELLE PERFECT MAT LIPSTICK NO 07,18.39,17.84,0.5500000000000007
SOMBRA DE CEJAS ESSENCE MY MUST HAVES 1.8GR 10,2.49,2.49,0.0
CORREC LIQUID CAMOUFLAGE HC 5ML007 CATRICE,5.79,5.62,0.16999999999999993
MÁSCARA DE PESTAÑAS CATRICE ROCK COUTURE EXTREME VOLUME LIFESTYLE 12ML,6.49,6.3,0.1900000000000004
STICK ANTI IMPERFECCIONES CATRICE INSTA TO GO BLUR STICK 4GR 010,6.99,6.78,0.20999999999999996
"LABIAL CATRICE ULTIMATE MATT 3,8 GR 090 ",5.39,5.23,0.15999999999999925
"ESMALTE UÑAS ICONAILS CATRICE GEL LACQUER 10,5ML 57",2.69,2.61,0.08000000000000007
"LAPIZ LABIOS CATRICE LIP FOUNDATION 1,3GR 010",3.99,3.87,0.1200000000000001
PALETA DE SOMBRAS CATRICE THE FRESH NUDE COLLECTION 10 GR,7.99,7.75,0.2400000000000002
POLVO COMPACTO ALL MATT PLUS SHINE CONTROL 10GR 001,5.79,5.62,0.16999999999999993
"LABIAL CATRICE ULTIMATE MATT 3,8 GR 070 ",5.39,5.23,0.15999999999999925
BROCHA DE ROSTRO ESSENCE HELLO HAPPINESS VERDE ,4.29,4.16,0.1299999999999999
"ESMALTE UÑAS ICONAILS CATRICE GEL LACQUER 10,5ML 54",2.69,2.61,0.08000000000000007
"LÁPIZ LABIOS CATRICE VELVET MATT COLOUR AND CONTOUR 1,3GR 010",3.99,3.87,0.1200000000000001
COSMETIQUERO ESSENCE HELLO HAPPINESS! ESSENCE,4.49,4.36,0.1299999999999999
"LAPIZ LABIOS CATRICE LIP FOUNDATION 1,3GR 030",3.99,3.87,0.1200000000000001
"LÁPIZ LABIOS CATRICE VELVET MATT COLOUR AND CONTOUR 1,3GR 100",3.99,3.87,0.1200000000000001
"ESMALTE UÑAS ICONAILS CATRICE GEL LACQUER 10,5ML 60",2.69,2.61,0.08000000000000007
"LÁPIZ LABIOS CATRICE VELVET MATT COLOUR AND CONTOUR 1,3GR 050",3.99,3.87,0.1200000000000001
CORREC LIQUID CAMOUFLAGE HC 5ML015 CATRICE,5.79,5.62,0.16999999999999993
"ESMALTE UÑAS ICONAILS CATRICE GEL LACQUER 10,5ML 61",2.69,2.61,0.08000000000000007
BROCHA DE ROSTRO ESSENCE HELLO HAPPINESS NARANJA,6.19,6.0,0.1900000000000004
"ESMALTE UÑAS ICONAILS CATRICE GEL LACQUER 10,5ML 58",2.69,2.61,0.08000000000000007
LIP SMACKER CUDDLY CREAM 0.14 OZ,5.54,4.43,1.1100000000000003
LIP SAMCKER BELLA ROSE 0.26 OZ,5.54,4.43,1.1100000000000003
LIP SMACKER HOLIDAY SANTA 0.26 OZ,5.54,5.15,0.3899999999999997
LIP SMACKER FANTA 0.14 OZ,2.77,2.22,0.5499999999999998
LIP SMACKER WATER MEOW 0.14 OZ,5.54,4.43,1.1100000000000003
LIP SMACKER CENICIENTA BLUEBERRY 0.26 OZ,5.54,4.43,1.1100000000000003
BROCHAS MAQUILLAJE ECOTOOLS 1627 6 PZS,17.71,16.74,0.9700000000000024
PRIME AND FINE CATRICE ANTI-SHINE SPRAY 50ML,7.49,7.27,0.22000000000000064
BROCHA DE LABIOS HELLO HAPPINESS! ESSENCE,1.99,1.93,0.06000000000000005
SOMBRA CATRICE ART COULEURS EYESHADOW 2GR 170,3.69,3.58,0.10999999999999988
"LÁPIZ LABIOS CATRICE VELVET MATT COLOUR AND CONTOUR 1,3GR 020",3.99,3.87,0.1200000000000001
"LÁPIZ LABIOS CATRICE VELVET MATT COLOUR AND CONTOUR 1,3GR 030",3.99,3.87,0.1200000000000001
BROCHA DE ROSTRO ESSENCE HELLO HAPPINESS MORADO ,4.29,4.16,0.1299999999999999
"ESMALTE UÑAS ICONAILS CATRICE GEL LACQUER 10,5ML 48",2.69,2.61,0.08000000000000007
"ESMALTE UÑAS CATRICE 2 IN 1 BASE AND TOP COAT 10,5ML",3.29,3.19,0.10000000000000009
"LÁPIZ LABIOS CATRICE VELVET MATT COLOUR AND CONTOUR 1,3GR 040",3.99,3.87,0.1200000000000001
PACK 4 BROCHAS ECOTOOLS CON BOLSA DE VIAJE,20.88,20.88,0.0
SET BROCHAS REAL TECHNIQUES SHINE BRIGHT,21.24,21.24,0.0
PACK 4 BROCHAS ECOTOOLS,25.86,25.86,0.0
LABIAL MATE DEBORAH ATOMIC RED MAT 17 FIRDT KISS,13.99,13.57,0.41999999999999993
BASE LIQUIDA DEBORAH FONDOTINTA DRESS ME PERFECT BEIGE 02,25.8,25.03,0.7699999999999996
LABIAL MATE DEBORAH ATOMIC RED MAT 25 RED BORDEAUX,13.99,13.57,0.41999999999999993
LABIAL MATE DEBORAH ATOMIC RED MAT 21 ROYAL ATTITUD,13.99,13.57,0.41999999999999993
LABIAL MATE DEBORAH ATOMIC RED MAT 19 ADICTION,13.99,13.57,0.41999999999999993
LABIAL MATE DEBORAH ATOMIC RED MAT 23 DEEP MAUVE,13.99,13.57,0.41999999999999993
CONTORNO DEBORAH TRIO PALETTE LIGHT/ROSE 01,17.0,16.49,0.5100000000000016
CONTORNO DEBORAH TRÍO PALETTE DARK/OLIVE 02,17.0,16.49,0.5100000000000016
LABIAL MATE DEBORAH ATOMIC RED MAT 20 CHEEKY RED,13.99,13.57,0.41999999999999993
DUO CONTOUR&HIGHLIGHT DEBORAH LIGHT/ROSE 01,16.65,16.15,0.5
DUO CONTOUR&HIGHLIGHT DEBORAH DARK/OLIVE 02,16.65,16.15,0.5
PRIMER DEBORAH FACE PERFECT 30ML,16.6,16.1,0.5
BASE LIQUIDA DEBORAH FONDOTINTA DRESS ME PERFECT SAND 03,25.8,25.03,0.7699999999999996
"LAPIZ LABIOS CATRICE VELVET MATT COLOUR AND CONTOUR 1,3GR 070",3.99,3.87,0.1200000000000001
ESPONJA DE MAQUILLAJE HELLO HAPPINESS! ESSENCE,3.49,3.39,0.10000000000000009
"LAPIZ LABIOS CATRICE LIP FOUNDATION 1,3GR 050",3.99,3.87,0.1200000000000001
SOMBRA CATRICE ART COULEURS EYESHADOW 2GR 180,3.69,3.58,0.10999999999999988
"ESMALTE UÑAS CATRICE SUPER DRY GLOSS TOP COAT 10,5ML",3.69,3.58,0.10999999999999988
BROCHA DE ROSTRO HELLO HAPPINESS! ESSENCE,4.29,4.16,0.1299999999999999
"LÁPIZ LABIOS CATRICE VELVET MATT COLOUR AND CONTOUR 1,3GR 080",3.99,3.87,0.1200000000000001
BALSAMO CATRICE LIP TREATMENT 7GR 010 ,6.49,6.3,0.1900000000000004
SET CON 4 BROCHAS REAL TECHNIQUES,27.29,27.29,0.0
"PACK BRONCEADOR, LABIAL Y RIMEL PHYSICIANS FORMULA ",40.25,38.24,2.009999999999998
LIP SMACKER COCA COLA 0.14 OZ X6,12.21,9.77,2.4400000000000013
LIP SMACKER COCA COLA 0.14 OZ X6,11.1,8.88,2.219999999999999
PALETA CORRECTOR EN CREMA THE COLOR WORKSHOP,7.36,6.99,0.3700000000000001
SET DE BROCHAS + ESTUCHE THE COLOR WORKSHOP ,7.36,6.99,0.3700000000000001
ESMALTE DE UÑAS ESSENCE GLITTER ON GLITTER OFF PEEL OFF 8ML 03,3.19,3.19,0.0
LABIAL ESSENCE COLOUR UP! SHINE ON! 3.5GR 10,3.79,3.79,0.0
MAQUILLAJE ETRE BELLE  SILK FINISH+HYALURON 30 ML,61.55,59.7,1.8499999999999943
SET DE REGALO GOLDEN SKIN ETRE BELLE X3,150.64,146.12,4.519999999999982
LABIAL ESSENCE COLOUR UP! SHINE ON! 3.5GR 06,3.79,3.79,0.0
SOMBRA DE CEJAS ESSENCE MY MUST HAVES 1.8GR 20,2.49,2.49,0.0
SOMBRA CATRICE STIX 1GR 090,6.99,6.99,0.0
BASE ESSENCE FRESH & FIT AWAKE MAKE UP 30ML 10,7.99,7.99,0.0
LAPIZ DE LABIOS ESSENCE DRAW THE LINE! INSTANT COLOUR 0.25GR 07,2.49,2.49,0.0
ESMALTE DE UÑAS ESSENCE GLITTER ON GLITTER OFF PEEL OFF 8ML 06,3.19,3.19,0.0
LÁPIZ DE LABIOS ESSENCE DRAW THE LINE! INSTANT COLOUR 0.25GR 20,2.49,2.49,0.0
ILUMINADOR ESSENCE GLOW LIKE A MERMAID 10GR 10,5.99,5.99,0.0
ESMALTE DE UÑAS ESSENCE GLITTER ON GLITTER OFF PEEL OFF 8ML 04,3.19,3.19,0.0
LABIAL ESSENCE COLOUR UP! SHINE ON! 3.5GR 07,3.79,3.79,0.0
LAPIZ DE LABIOS ESSENCE DRAW THE LINE! INSTANT COLOUR 0.25GR 11,2.49,2.49,0.0
MÁSCARA DE PESTAÑAS ESSENCE SUPER CURL VOLUME EYE OPENING 8ML,4.79,4.79,0.0
ESMALTE DE UÑAS ESSENCE GLITTER ON GLITTER OFF PEEL OFF 8ML 01,3.19,3.19,0.0
LÁPIZ DE LABIOS ESSENCE DRAW THE LINE! INSTANT COLOUR 0.25GR 12,2.49,2.49,0.0
LÁPIZ DE LABIOS ESSENCE DRAW THE LINE! INSTANT COLOUR 0.25GR 05,2.49,2.49,0.0
ESMALTE DE UÑAS ESSENCE GLITTER ON GLITTER OFF PEEL OFF 8ML 05,3.19,3.19,0.0
LABIAL ESSENCE COLOUR UP! SHINE ON! 3.5GR 04,3.79,3.79,0.0
"BRILLO LABIAL CATRICE PRISMA LIP GLAZE 2,8ML 030",6.29,6.29,0.0
BASE ESSENCE FRESH & FIT AWAKE MAKE UP 30ML 30,7.99,7.99,0.0
MASCARA DE PESTAÑAS ESSENCE VOLUME HERO 7ML,4.79,4.79,0.0
SOMBRA ESSENCE MY MUST HAVES 1.8GR 24,1.99,1.99,0.0
PALETA ILUMINADORA ESSENCE GLOW TO GO 14GR 10,6.99,6.99,0.0
LÁPIZ DE LABIOS ESSENCE SOFT CONTOURING 1.2GR 14,1.59,1.59,0.0
MASCARA DE PESTAÑAS CATRICE LASHES TO KILL PRO 12ML 010,7.99,7.75,0.2400000000000002
SOMBRA CATRICE ART COULEURS EYESHADOW 2GR 160,3.69,3.58,0.10999999999999988
BROCHA DE OJOS HELLO HAPPINESS! ESSENCE,3.49,3.39,0.10000000000000009
"LABIAL CATRICE ULTIMATE DARK LIP GLOW 3,5GR 010",7.99,7.75,0.2400000000000002
"LÁPIZ LABIOS CATRICE VELVET MATT COLOUR AND CONTOUR 1,3GR 090",3.99,3.87,0.1200000000000001
"DELINEADOR LíQUIDO CATRICE ROCK COUTURE 2,2 ML 030",6.29,6.1,0.1900000000000004
PESTAÑAS POSTIZAS LASH CATRICE COUTURE INSTAVOLUME LASHES  1 ML 01,5.99,5.99,0.0
PRIMER DE OJOS CATRICE EYE FOUNDATION WATERPROOF 8 ML 010,4.99,4.99,0.0
PINTA LABIOS ETRE BELLE PERFECT MAT LIPSTICK NO 03,18.39,17.84,0.5500000000000007
BASE ESSENCE FRESH & FIT AWAKE MAKE UP 30ML 20,7.99,7.99,0.0
"BRILLO LABIAL CATRICE PRISMA LIP GLAZE 2,8ML 020",6.29,6.29,0.0
ESMALTE DE UÑAS ESSENCE GLITTER ON GLITTER OFF PEEL OFF 8ML 02,3.19,3.19,0.0
"POLVO COMPACTO CATRICE SUN GLOW MATT BRONZING 9,5GR 035",6.29,6.29,0.0
DELINEADOR DE CEJAS CATRICE BROW COMB DESIGNER 1ML 010,6.29,6.29,0.0
REVITALIZADOR DE PIEL GOLDEN SKIN CAVIAR LIFTING SERUM 30ML,71.91,69.75,2.1599999999999966
SOMBRAS OJOS ESSENCE 02,2.99,2.9,0.0900000000000003
ESSENCE SOMBRAS OJOS EYESHADOW 23,2.49,2.42,0.07000000000000028
LÁPIZ DELINEADOR DE OJOS ESSENCE SUPERFINE WATERPROOF,4.49,4.36,0.1299999999999999
ESSENCE ESMALTE DE UÑAS THE GEL NAIL POLISH 31,1.99,1.93,0.06000000000000005
ESSENCE SOMBRAS OJOS EYESHADOW 24,2.49,2.42,0.07000000000000028
ESMALTES OPI COLOR LUCKY LUCKY LAVANDER 15 ML,11.91,11.55,0.35999999999999943
CATRICE POLVO TRASLUCIDO NUDE ILLUSION LOOSE POWDER,7.79,7.56,0.23000000000000043
ESMALTE NAIL FUR EFFECTS  FLUFFY & CUD,8.91,8.46,0.4499999999999993
ALMAY SS BTTR KISS LIPSTCK NUDE LIGHT,13.04,12.65,0.3899999999999988
LABIAL SAMY HUMECTANTE # 215,6.0,5.82,0.17999999999999972
ESMALTE CORE NAIL POLISH STORMY SKIES,3.0,2.85,0.1499999999999999
LABIAL MAYBELLINE SUPERSTAY 14H ,13.12,12.73,0.3899999999999988
LIP GLOSS MAYBELLINE COLOR MANIA  SPARKLING ROSE,14.46,14.03,0.4300000000000015
ESMALTE NAIL FUR EFFECTS  BOO BOO FLUF,8.91,8.46,0.4499999999999993
LABIAL SAMY COLOR ROJO 164,6.08,5.9,0.17999999999999972
ESMALTE NAIL FUR EFFECTS  FLUFFY BOBIN,8.91,8.46,0.4499999999999993
ALMAY RIMEL ONE COAT THICKENING - BLACKEST BLACK,12.54,12.16,0.379999999999999
RUBOR INDIVIDUAL SAMY PIGMENTOS MINERALES CON ESPEJO ,10.51,10.19,0.3200000000000003
LABIAL SAMY CRAYON MATE BURNT SIENNA,10.63,10.31,0.3200000000000003
LABIAL SAMY CRAYON MATE ORANGE RED,10.63,10.31,0.3200000000000003
LÁPIZ DELINEADOR DE CEJAS PALLADIO TAUPE.,10.12,9.82,0.29999999999999893
SOMBRAS SAMY IND AGUA MARINA,6.74,6.54,0.20000000000000018
SOMBRAS SAMY IND VERDE OLIVA,6.74,6.54,0.20000000000000018
LABIAL SAMY HUMECTANTE COLOR N77,6.08,5.9,0.17999999999999972
SOMBRA PARA OJOS SAMY MINERAL BLANCO PERLADO,6.74,6.54,0.20000000000000018
PINTA LABIOS ETRE BELLE PERFECT MAT LIPSTICK NO 01,18.39,17.84,0.5500000000000007
BRILLO LABIAL LOREAL LIP GLOSS 158 PEACH FUZZ,17.26,16.74,0.5200000000000031
DELINEADOR PALLADIO RETRACT WATER BLACK,10.9,10.57,0.33000000000000007
SACAPUNTAS PALLADIO PSH1 SHARPENER,5.5,5.34,0.16000000000000014
LENGTHEN & VOLUME LASHES MUA SASSY,7.07,6.65,0.41999999999999993
DOUBLE VOLUME LASHES MUA SIREN,7.07,6.65,0.41999999999999993
CUIDADO UNAS SALLY HANSEN SALLY TOUGH LUCK,4.09,3.8,0.29000000000000004
CUIDADO UNAS SALLY HANSEN SALLY HEART OF STONE,4.09,3.8,0.29000000000000004
CUIDADO UNAS SALLY HANSEN SALLY TON OF BRICKS,4.09,3.8,0.29000000000000004
FUCSIA BRILLANTE,10.0,9.4,0.5999999999999996
LIP GLOSS SAMY ORO CHOCOLATE,10.0,9.4,0.5999999999999996
LIP GLOSS SAMY ROJO INTENSO,10.0,9.4,0.5999999999999996
LIP GLOSS SAMY ROSA CORAL,10.0,9.4,0.5999999999999996
LABIAL LIQUIDO SAMY COLOR ROSA DORADO,10.0,9.4,0.5999999999999996
DELINEADOR DE LABIOS RIMMEL TIRAMISU,8.06,7.58,0.4800000000000004
EXOTIC CHINA GLAZE ENCOUNTERS 14 ML,9.38,9.1,0.28000000000000114
ESMALTES MASGLO MATIFICADOR 13.5 ML,2.69,2.5,0.18999999999999995
ESMALTE NAIL POLISH SHADE 6,3.0,2.85,0.1499999999999999
SOMBRAS SAMY MINERAL 17 ORQUIDEA AZUL,8.32,8.07,0.25
SOMBRAS SAMY SOMBRA IND. M. # 37. LILA - LI,6.74,6.54,0.20000000000000018
BBL NYX BAKED STATEMENT RED,14.83,14.39,0.4399999999999995
BBL NYX BAKED PINK FETISH,14.83,14.39,0.4399999999999995
HS NYX HOT SINGLES FLIRT,9.73,9.44,0.2900000000000009
HS NYX HOT SINGLES HARLEQUIN,9.73,9.44,0.2900000000000009
ESMALTES MASGLO ACCESORIO VELVET VERDE,3.72,3.61,0.11000000000000032
ESPEJOS COQUETAS ZBH-R21039 ESPEJO NOCHE,5.13,4.77,0.3600000000000003
CEPILLO FACIAL FREESTYLE PEQUEÑO ,2.17,2.05,0.1200000000000001
POMO FACIAL FREESTYLE ,1.5,1.42,0.08000000000000007
BROCHA PARA RUBOR FREESTYLE GRANDE,4.35,4.11,0.23999999999999932
WP NYX WONDER PENCIL DEEP,9.61,9.32,0.28999999999999915
BRILLO LABIAL MAYBELLINE BABY LIPS QUENCHED 4.4 GR,5.1,4.95,0.14999999999999947
BRILLO LABIAL MAYBELLINE BABY LIPS PEPPERMINT 4.4 GR,5.1,4.95,0.14999999999999947
CUIDADO UNAS SALLY HANSEN SALLY CSM JADED,14.01,13.59,0.41999999999999993
CUIDADO UNAS SALLY HANSEN SALLY EXTR.WEAR HOT MAGENTA,6.87,6.66,0.20999999999999996
PORTACOSMETICOS MODELO 012 COSMETIQUERA,6.14,5.8,0.33999999999999986
PORTACOSMETICOS MODELO 014 COSMETIQUERA,6.14,5.8,0.33999999999999986
DELINEADOR OJOS ESSENCE KAJAL PENCIL 26,1.79,1.74,0.050000000000000044
HS NYX HOT SINGLES ARROGANCE,9.73,9.44,0.2900000000000009
HS NYX HOT SINGLES INNOCENT,9.73,9.44,0.2900000000000009
HS NYX HOT SINGLES J´ADORE,9.73,9.44,0.2900000000000009
JEP NYX JUMBO BRONZE,9.73,9.44,0.2900000000000009
JEP NYX JUMBO ROCKY MOUNTAIN,9.73,9.44,0.2900000000000009
JEP NYX JUMBO SPARKLE NUDE,9.73,9.44,0.2900000000000009
JEP NYX JUMBO COBALT,9.73,9.44,0.2900000000000009
HS NYX HOT SINGLES CHANDELIER,9.73,9.44,0.2900000000000009
JEP NYX JUMBO CASHMERE,9.73,9.44,0.2900000000000009
JEP NYX JUMBO PEACOCK,9.73,9.44,0.2900000000000009
JEP NYX JUMBO DARK BROWN,9.73,9.44,0.2900000000000009
JEP NYX JUMBO POTS & PANS,9.73,9.44,0.2900000000000009
JEP NYX JUMBO MILK,9.73,9.44,0.2900000000000009
JEP NYX JUMBO COTTAGE CHEESE,9.73,9.44,0.2900000000000009
JEP NYX JUMBO FRENCH FRIES,9.73,9.44,0.2900000000000009
JEP NYX JUMBO OYSTER,9.73,9.44,0.2900000000000009
DELINEADOR DE OJOS NYX JUMBO YOGURT,9.73,9.44,0.2900000000000009
JEP NYX JUMBO LAVENDER,9.73,9.44,0.2900000000000009
DELINEADOR DE OJOS NYX JUMBO SLATE 5 GR,9.73,9.44,0.2900000000000009
JEP NYX JUMBO PACIFIC,9.73,9.44,0.2900000000000009
JEP NYX JUMBO ICED MOCHA,9.73,9.44,0.2900000000000009
JEP NYX JUMBO RUST,9.73,9.44,0.2900000000000009
SPE NYX EYE EMERALD CITY,8.81,8.55,0.2599999999999998
SPE NYX EYE CHARCOAL,8.81,8.55,0.2599999999999998
SPE NYX EYE GRAY,8.81,8.55,0.2599999999999998
SPE NYX EYE PURPLE,8.81,8.55,0.2599999999999998
SPE NYX EYE ELECTRIC BLUE,8.81,8.55,0.2599999999999998
BRILLO LABIAL BURT'S BEES LIP GLOSS ROSY DAWN,11.19,10.63,0.5599999999999987
BURTS BEES LIP GLOSS RUBY MOON,11.19,10.63,0.5599999999999987
BRILLO DE LABIOS BURT'S BEES LIP GLOSS STARRY NIGHT,11.19,10.78,0.41000000000000014
BRILLO LABIAL BURT'S BEES SUNNY DAY,11.19,10.63,0.5599999999999987
BRILLO LABIAL BURT'S BEES FLUTTER 14G,6.72,6.38,0.33999999999999986
BRILLO LABIAL BURT'S BEES LIP SHINE PUCKER 14G,6.72,6.38,0.33999999999999986
BRILLO LABIAL BURT'S BEES LIP SHINE SMOOCH,6.72,6.53,0.1899999999999995
BÁLSAMO LABIAL BURTS BEES  PINK BLOSSOM,6.71,6.37,0.33999999999999986
CUIDADO UNAS SALLY HANSEN SALLY INSTADRI BLUE AWAY!,9.48,9.2,0.28000000000000114
BRILLO LABIAL NIVEA LIP CARE AROMA SANDIA 4.8 GR,4.63,4.35,0.28000000000000025
BROCHA PARA BLUSH TECHNIQUES BLUSH BLUSH ,13.11,12.39,0.7199999999999989
BROCHA PARA MAQUILLAJE REAL TECHNIQUES SETTING BRUSH,7.62,7.2,0.41999999999999993
ACCES MAQUILLA CALA 76652 JGO DE BROCHAS,16.88,15.19,1.6899999999999995
ACCESORIO MAQUILLAJE CALA APLICADOR DE SOMBRA,3.38,3.04,0.33999999999999986
CALA - ESPONJA PARA CONTORNEAR,1.89,1.7,0.18999999999999995
CALA - PESTAÑAS INDIVIDUALES 802 ,3.39,3.05,0.3400000000000003
RIMMEL SOFT DELINEADOR STORMY GREY.,6.91,6.5,0.41000000000000014
LIPGLOSS RIMMEL STAY GLOSS ENDLESS SUMMER 5.5 ML.,9.58,9.01,0.5700000000000003
LIPGLOSS RIMMEL STAY GLOSS STAY MY ROSE,9.58,9.01,0.5700000000000003
RIMMEL GLAM EYES SOMBRAS POSH PEACOCK.,9.21,8.66,0.5500000000000007
SOMBRAS SAMY SOMBRA TRIO 13 ESMERALDA MIST,8.32,8.07,0.25
CORRECTOR DE OJERAS SAMY CREAMY FOUNDATION DARK,9.03,8.49,0.5399999999999991
BASE CORRECTORA SAMY CREAMY FOUNDATION GREEN,9.03,8.49,0.5399999999999991
ESMALTE ICONIKKA LADY PINK 15 ML,2.78,2.7,0.07999999999999963
ESMALTE ICONIKKA SANDÍA SOLAPADA,2.78,2.7,0.07999999999999963
BÁLSAMO LABIAL ALMAY COLOR CARE JUST PLUM GOOD,10.81,10.49,0.3200000000000003
GEL LIMPIADOR ETRE BELLE PURITY INTENSE 150ML,29.83,28.94,0.889999999999997
LIP BALM ALMAY COLOR CARE NUDE TRIENTS,10.81,10.49,0.3200000000000003
LIP BALM ALMAY COLOR CARE PINK POUT,10.81,10.49,0.3200000000000003
SOMBRAS PARA OJOS ALMAY SHADOW SOFTIES GREEN,10.81,10.49,0.3200000000000003
SOMBRAS PARA OJOS ALMAY SHADOW SOFTIES LILA,10.81,10.49,0.3200000000000003
SOMBRAS ALMAY SHADOW SOFTIES CELESTE CLARO,10.81,10.49,0.3200000000000003
SOMBRAS ALMAY SHADOW SOFTIES GOLDEN,10.81,10.49,0.3200000000000003
SOMBRAS ALMAY SHADOW SOFTIES PEACH FUZZ ,10.81,10.49,0.3200000000000003
SOMBRAS ALMAY SHADOW SOFTIES VINTAGE GRAPE ,10.81,10.49,0.3200000000000003
SOMBRAS ALMAY SHADOW SOFTIES PÉTALO,10.81,10.49,0.3200000000000003
SOMBRAS ALMAY SHADOW SOFTIES CASHMERE ,10.81,10.49,0.3200000000000003
SOMBRAS PARA OJOS ALMAY SHADOW SOFTIES MIDNIGHT SKY ,10.81,10.49,0.3200000000000003
MAQUILLAJE CORRECTOR ALMAY LIGHT ,17.83,17.3,0.5299999999999976
BASE MOUSSE ALMAY SMART SHADE 20 ML,24.95,24.2,0.75
BASE MOUSSE ALMAY SMART SHADE 20 ML,24.95,24.2,0.75
BASE LIQUIDA ALMAY TRULY LASTING WARM 30 ML,22.35,21.68,0.6700000000000017
POLVO COMPACTO ALMAY SMART SHDE LSE FINISH.PWD MEDM,25.04,24.29,0.75
ESMALTES OPI A GRAPE FIT 15ML,11.91,11.55,0.35999999999999943
ESMALTES OPI CHARGED UP CHERRY 15 ML,11.91,11.55,0.35999999999999943
ESMALTES OPI COLOR DATING A ROYAL 15ML,11.91,11.55,0.35999999999999943
ADHESIVO ANDREA PESTAÑAS POSTIZAS OSCURO,5.45,5.12,0.33000000000000007
ADHESIVO OSCURO ANDREA PARA PESTAÑAS DE BANDA,5.45,5.12,0.33000000000000007
ADHESIVO ANDREA PARA PESTAÑAS POSTIZAS CLEAR 7G,5.45,5.12,0.33000000000000007
PESTAÑAS POSTIZAS ANDREA STRIP LASHES 13 BLACK,6.0,5.64,0.3600000000000003
PESTAÑAS POSTIZAS ANDREA STRIP LASH 26 BLACK,6.0,5.64,0.3600000000000003
PESTAÑAS POSTIZAS ANDREA STRIP LASHES 28 BLACK,6.0,5.64,0.3600000000000003
PESTAÑAS POSTIZAS ANDREA STRIP LASHES 33 BLACK,6.0,5.64,0.3600000000000003
PESTAÑAS POSTIZAS ANDREA STRIP LASHES 52 BLACK,6.0,5.64,0.3600000000000003
PESTAÑAS POSTIZAS ANDREA STRIP LASHES 53 BLACK,6.0,5.64,0.3600000000000003
PESTAÑAS POSTIZAS ANDREA LASH BLACK,6.0,5.64,0.3600000000000003
PESTAÑAS POSTIZAS ANDREA INDIVIDUALES SHORT BLACK,6.0,5.64,0.3600000000000003
PESTAÑAS POSTIZAS ANDREA INDIVIDUALES MEDIUM BLACK X56,6.0,5.64,0.3600000000000003
ESMALTES OPI COLOR FLASHBULB FUCHSIA 15 ML,11.91,11.55,0.35999999999999943
ESMALTES OPI GARGANTUAN GREEN 15 ML,11.91,11.55,0.35999999999999943
ESMALTES OPI GREENWICH VILLAGE 15 ML,11.91,11.55,0.35999999999999943
ESMALTES OPI IN MY BACK POCKET 15 ML,11.91,11.55,0.35999999999999943
ESMALTES OPI NEED SUNGLASSES 15 ML,11.91,11.55,0.35999999999999943
ESMALTES OPI NO ROOM FOR THE B 15 ML,11.91,11.55,0.35999999999999943
ESMALTES OPI COLOR SHORT STORY 15 ML,11.91,11.55,0.35999999999999943
ESMALTES OPI A GOOD MANS DARIN 15 ML,11.91,11.55,0.35999999999999943
ESMALTES OPI APHRODITE´S PINK 15 ML,11.91,11.55,0.35999999999999943
"ESMALTES OPI COLOR FEELING HOT,HOT HOT! 15 ML",11.91,11.55,0.35999999999999943
ESMALTES OPI COLOR HAPPY ANNIVERSARY 15 ML,11.91,11.55,0.35999999999999943
ESMALTES OPI COLOR HOT AND SPICY 15 ML,11.91,11.55,0.35999999999999943
ESMALTES OPI I EAT MAINELY LOBSTER 15 ML,11.91,11.55,0.35999999999999943
ESMALTES OPI LINCOLN PARK AFTER 15 ML,11.91,11.55,0.35999999999999943
ESMALTES OPI COLOR ON COLLINS AVENUE 15 ML,11.91,11.55,0.35999999999999943
ESMALTES OPI PINK FLAMENCO 15 ML,11.91,11.55,0.35999999999999943
ESMALTES OPI OPI NL- POMPEII PURPLE,11.91,11.55,0.35999999999999943
ESMALTES OPI MY CHIHUACHUA BITS 15 ML,11.91,11.55,0.35999999999999943
ESMALTES OPI EURSO EURSO 15 ML ,11.91,11.55,0.35999999999999943
ESMALTES OPI COLOR RED LIGHTS AHEAD WHERE? 15 ML,11.91,11.55,0.35999999999999943
ESMALTES OPI COLOR HAWAIIAN ORCHID 15 ML,11.91,11.55,0.35999999999999943
BASE LÍQUIDA MAYBELLINE DREAM FRESH BB LIGHT FPS 30,15.78,15.31,0.46999999999999886
BASE LIQUIDA MAYBELLINE BB DARK FPS 30,15.78,15.31,0.46999999999999886
SOMBRAS MAYBELLINE COLOR TATTOO NU 15 ENDLESS PURPL,11.2,10.86,0.33999999999999986
ESMALTES MASGLO AUSENTE 13.5 ML,2.69,2.5,0.18999999999999995
ESMALTES MASGLO BELLA 13.5 ML,2.69,2.5,0.18999999999999995
ESMALTES MASGLO GOLOSA 13.5 ML,2.69,2.5,0.18999999999999995
ESMALTES MASGLO NOVIA 13.5 ML,2.69,2.5,0.18999999999999995
ESMALTES MASGLO REBELDE 13.5 ML,2.69,2.5,0.18999999999999995
"ESMALTES MASGLO TIERNA 13,5 ML",2.69,2.5,0.18999999999999995
ESPONJA FACIAL LIMPIADORA ECOTOOLS KONJAC,12.84,12.13,0.7099999999999991
PAPEL FACIAL ABSORBENTE TRIM ,6.06,5.73,0.3299999999999992
PESTAÑAS POSTIZAS ARDELL EDGY LASH,5.58,5.25,0.33000000000000007
CALA - COSMETIC ROUNDS.,3.81,3.6,0.20999999999999996
ACCES MAQUILLA CALA. ,1.89,1.79,0.09999999999999987
CALA - ESPONJAS COSMETICAS,2.12,2.0,0.1200000000000001
PINZAS 50787 PINZA DE PUNTA OBLICUA,4.87,4.6,0.27000000000000046
ACCES MAQUILLA - CEPILLO LIMPIADOR DE POROS,20.2,19.09,1.1099999999999994
"BRILLO LABIAL CATRICE PRISMA LIP GLAZE 2,8ML 010",6.29,6.29,0.0
"LAPIZ LABIOS CATRICE VELVET MATT COLOUR AND CONTOUR COD.060 1,3GR",3.99,3.87,0.1200000000000001
PERFILADORAS PARA CEJAS TRIM X3 06850,5.05,4.77,0.28000000000000025
SACAPUNTAS TRIM TAMAÑO GRUESO & FINO,5.4,5.1,0.3000000000000007
PINZA CEJAS TRIM EASYHOLD,3.24,3.06,0.18000000000000016
PINZA DE CEJAS TRIM PUNTAS ANGULAR CUADRADA ,3.9,3.78,0.1200000000000001
ESPEJO TRIM LUPA 10X 04296,8.71,8.23,0.4800000000000004
PESTAÑAS POSTIZAS ARDELL DURALASH NATURAL COMBO NEGRO,5.58,5.25,0.33000000000000007
PESTAÑAS POSTIZAS ARDELL SWEETIES BLACK,5.58,5.25,0.33000000000000007
PESTANAS POSTIZAS ARDELL INDIVIB.NATURAL SEXIES BLACK,5.58,5.25,0.33000000000000007
PESTAÑAS POSTIZAS ARDELL FASHION GLAMOUR LASH BLACK,5.58,5.25,0.33000000000000007
PESTAÑAS ARDELL MEDIUM NEGRA X56,5.58,5.02,0.5600000000000005
PESTAÑAS POSTIZAS ARDELL INDIVIDUAL DURALASH SHORT BLACK,5.58,5.25,0.33000000000000007
ADHESIVO INDIVIDUAL ARDELL,4.7,4.42,0.28000000000000025
ADHESIVO CLARO ARDELL PARA PESTAÑAS POSTIZAS 7G,4.7,4.21,0.4900000000000002
ADHESIVO OSCURO PARA PESTAÑAS POSTIZAS ARDELL 7 GR,4.7,4.42,0.28000000000000025
REMOVEDOR DE PESTAÑAS POSTIZAS ARDELL LASHFREE 5ML.,4.7,4.42,0.28000000000000025
ADHESIVO ARDELL PARA PESTAÑAS POSTIZAS COLOR NEGRO ,6.54,5.85,0.6900000000000004
BASE LÍQUIDA MAYBELLINE SUPER STAY  30 ML.,27.95,27.11,0.8399999999999999
BROCHA PARA MAQUILLAJE ECOTOOLS PLANA PARA BASE,8.17,7.72,0.4500000000000002
ESMALTES MASGLO BRILLO SECANTE 13 ML,2.69,2.5,0.18999999999999995
ESMALTES MASGLO BRILLO EN 13 ML,2.69,2.5,0.18999999999999995
ESMALTES MASGLO BLANCO TIZA 13.5 ML,2.69,2.5,0.18999999999999995
ESMALTES MASGLO SANGRE TORO 13.5 ML,2.69,2.5,0.18999999999999995
ESMALTES MASGLO FRANCES 13 ML.,2.69,2.5,0.18999999999999995
ESMALTES MASGLO GOMELA 13 ML,2.69,2.5,0.18999999999999995
MASCARAS ALMAY GET UP AND GROW BLACK,14.35,13.92,0.4299999999999997
ESMALTES MASGLO FIESTA 13 ML,2.69,2.5,0.18999999999999995
CALA - SET BRUSH X 5 ,12.27,11.6,0.6699999999999999
BLUSH PALLADIO MOSAICO DESERT ROSE,18.71,18.15,0.5600000000000023
RUBOR PALLADIO BLUSH HERBAL SPICE ,18.71,18.15,0.5600000000000023
DELINEADOR PALLADIO RETRACT WATER BLACK- BROWN,10.9,10.57,0.33000000000000007
PESTAÑAS POSTIZAS ARDELL STARTER KIT ,18.14,17.05,1.0899999999999999
LAPIZ DELINEADOR DE OJOS SAMY LAP DE OJOS PROF NEGRO,7.31,7.09,0.21999999999999975
BASE LIQUIDA MAYBELLINE FIT ME SUN BEIGE 30 ML,20.97,20.34,0.629999999999999
ESMALTES MASGLO ADORABLE 13.5 ML,2.69,2.5,0.18999999999999995
ESMALTES MASGLO APASIONADA 13.5 ML,3.22,2.99,0.22999999999999998
ESMALTES MASGLO CAPRICHOSA 13.5 ML,2.69,2.5,0.18999999999999995
ESMALTES MASGLO DIVINA 13.5 ML,2.69,2.5,0.18999999999999995
ESMALTES MASGLO FUFURUFA 13.5 ML,2.69,2.5,0.18999999999999995
ESMALTE PARA UÑAS MASGLO GITANA 13.5 ML,2.69,2.5,0.18999999999999995
ESMALTES MASGLO GLAMOROSA 13 ML,2.69,2.5,0.18999999999999995
ESMALTES MASGLO LINDA 13.5 ML,2.69,2.5,0.18999999999999995
ESMALTES MASGLO SOFISTICADA 13 ML,2.69,2.5,0.18999999999999995
SOMBRAS MAYBELLINE TATOO 24H 40 PERMANENT TAUPE,11.2,10.86,0.33999999999999986
SOMBRAS MAYBELLINE TATOO 24H 45 INFINITE WHITE,11.2,10.86,0.33999999999999986
SOMBRAS MAYBELLINE TATOO 24H 55 IMMORTAL CHARCOAL,11.2,10.86,0.33999999999999986
SOMBRAS MAYBELLINE TATOO 24H 60 TIMELESS BLACK,11.2,10.86,0.33999999999999986
ESMALTES MASGLO MAGICA 13 ML,2.69,2.5,0.18999999999999995
SOMBRAS SAMY SOMBRA TRIO 12 NOCHE GALACTICA,8.32,8.07,0.25
BASE LIQUIDA SAMY Q10 ACTIVE LIGHT VAINILLA ,17.91,17.37,0.5399999999999991
BASE LIQUIDA SAMY Q10 ACTIVE GOLD,17.91,17.37,0.5399999999999991
BASE LIQUIDA SAMY Q10 SKIN MIRACLE DEEP HONEY,17.91,17.37,0.5399999999999991
POLVO COMPACTO SAMY MINERAL COLOR NATURAL 14 GR,16.37,15.88,0.4900000000000002
POLVO COMPACTO SAMY MINERAL COLOR CANELA 12 ,16.37,15.88,0.4900000000000002
RUBOR SAMY DUAL PERFECT TOUCH PINK,16.03,15.55,0.4800000000000004
RUBOR SAMY DUAL PERFECT TOUCH ORANGE,16.03,15.55,0.4800000000000004
SAMY - RUBOR DUAL PERFECT TOUCH FUCSIA.,16.03,15.55,0.4800000000000004
LIP GLOSS LOREAL  6H POSY,16.0,15.52,0.4800000000000004
MASCARA ESSENCE ALL EYES ON ME MASCARA 01,3.19,3.09,0.10000000000000009
PESTAÑAS ESSENCE BEAUTY SECRETS FANCY LASHES,3.99,3.87,0.1200000000000001
ESMALTES ESSENCE EXPRESS DRY DROPS,2.99,2.9,0.0900000000000003
SOMBRAS DE CEJAS ESSENCE EYEBROW,3.99,3.87,0.1200000000000001
ESSENCE - EYESHADOW 64,2.76,2.62,0.13999999999999968
DELINEADOR OJOS ESSENCE KAJAL PENCIL 21,1.79,1.74,0.050000000000000044
DELINEADOR OJOS ESSENCE LONG LASTING EYE PENCIL 17,2.79,2.71,0.08000000000000007
RUBOR SAMY PERFECT TOUCH COLOR SALMÓN 4 GR,10.52,10.2,0.3200000000000003
RUBOR SAMY PERFECT TOUCH COLOR ROSA 4 GR.,10.52,10.2,0.3200000000000003
RUBOR SAMY PERFECT TOUCH FUCSIA 4 GR,10.52,10.2,0.3200000000000003
MASCARA SAMY 3D WATERPROOF COLOR AZUL 10 GR,13.21,12.81,0.40000000000000036
MASCARA SAMY 3D EYELASH EFFECT COLOR CAFÉ.,13.21,12.81,0.40000000000000036
MASCARA SAMY 3D TRANSPARENTE,13.21,12.81,0.40000000000000036
DELINEADOR LIQUIDO SAMY COLOR CAFÉ MATE,8.96,8.69,0.27000000000000135
LAPIZ DELINEADOR DE OJOS SAMY NEGRO 6,6.08,5.9,0.17999999999999972
LAPIZ DELINEADOR DE OJOS SAMY VERBENA 12,6.08,5.9,0.17999999999999972
LAPIZ DELINEADOR DE OJOS SAMY LÁPIZ DELINEADOR 9 PLATA,6.08,5.9,0.17999999999999972
SOMBRAS SAMY IND BLANCO INTENS/INTENSE WHITE,6.74,6.54,0.20000000000000018
SOMBRAS SAMY IND BEIGE PERLADO/PEARLY BEIGE,6.74,6.54,0.20000000000000018
SOMBRAS SAMY IND BEIGE MATE/MATTE BEIGE,6.74,6.54,0.20000000000000018
SOMBRAS SAMY IND DORADO PERLADO/SHIMMERING GOLD,6.74,6.54,0.20000000000000018
SOMBRAS SAMY IND VERDE NEÓN/LIME GREEN,6.74,6.54,0.20000000000000018
SOMBRAS SAMY IND VINOTINTO/RED WINE,6.74,6.54,0.20000000000000018
SOMBRAS SAMY IND BRONCE/BRONZE,6.74,6.54,0.20000000000000018
SOMBRAS SAMY IND ROSA SUAVE/TENDER ROSE,6.74,6.54,0.20000000000000018
SOMBRAS SAMY IND FUCSIA/FUCHSIA,6.74,6.54,0.20000000000000018
SOMBRAS SAMY IND MORADO INTENSO/INTENSE PURPLE,6.74,6.54,0.20000000000000018
SOMBRAS SAMY IND AZUL PROFUNDO/DEEP BLUE,6.74,6.54,0.20000000000000018
DELINEADOR OJOS ESSENCE LONG-LASTING EYE PENCIL 12,2.79,2.71,0.08000000000000007
DELINEADOR OJOS ESSENCE SUPER FINE EYELINER PEN 01,3.99,3.87,0.1200000000000001
UÑAS POSTIZAS FRENCH CLICK & GO NAILS,4.49,4.36,0.1299999999999999
RIMEL ESSENCE GET BIG LASHES,3.99,3.87,0.1200000000000001
SOMBRAS ESSENCE QUATTRO EYESHADOW 07,5.49,5.33,0.16000000000000014
SOMBRAS SAMY NOCHE OSCURA/DARK NIGHT,8.32,8.07,0.25
SOMBRAS SAMY FLOR DE CEREZO/CHERRY BLOSSOM,8.32,8.07,0.25
SOMBRAS SAMY VIENTO DEL DESIERTO/DESERT WIND,8.32,8.07,0.25
SOMBRA PIGMENTO SAMY SOMBRA PIGMENTO 2 BLANCO,4.69,4.55,0.14000000000000057
SOMBRA PIGMENTO SAMY SOMBRA PIGMENTO 6 ROSADO,4.69,4.55,0.14000000000000057
SOMBRA PIGMENTO SAMY SOMBRA PIGMENTO 1 NEGRO,4.69,4.55,0.14000000000000057
SOMBRA PIGMENTO SAMY SOMBRA PIGMENTO 7 MORADO,4.69,4.55,0.14000000000000057
ILUMINADOR DE OJOS SAMY BLANCO,6.99,6.78,0.20999999999999996
ILUMINADOR DE OJOS SAMY BEIGE,6.99,6.78,0.20999999999999996
LAPIZ DELINEADOR SAMY COLOR CABERNET,6.08,5.9,0.17999999999999972
LAPIZ DELINEADOR SAMY KOLOR FACTORY FUCSIA,6.08,5.9,0.17999999999999972
LAPIZ DELINEADOR SAMY COLOR TERRACOTA,6.08,5.9,0.17999999999999972
SAMY - LABIAL MÁXIMA DURACIÓN 13,9.97,9.67,0.3000000000000007
LABIAL SAMY COLOR N 13,6.08,5.9,0.17999999999999972
LABIAL SAMY COLOR ROJO,6.08,5.9,0.17999999999999972
SAMY - LABIAL 76,6.08,5.9,0.17999999999999972
SAMY - LABIAL 187,6.08,5.9,0.17999999999999972
DELINEADOR EN GEL MAYBELLINE LASTING DRAMA 3 GR,15.16,14.71,0.4499999999999993
DELINEADOREN GEL MAYBELLINE MARRON 952,15.16,14.71,0.4499999999999993
SAMY - LABIAL 249,6.08,5.9,0.17999999999999972
PALLADIO BASE LIQUIDA IN THE BUFF PFS07 20ML,17.9,17.36,0.5399999999999991
BASE LIQUIDA PALLADIO HERBAL FOUNDATION PRIMER.,23.0,22.31,0.6900000000000013
DELINEADOR DE OJOS ESSENCE LIQUID INK EYELINER WATERPROOF,3.99,3.87,0.1200000000000001
ESSENCE - SOMBRAS EYESHADOW 69,2.76,2.62,0.13999999999999968
LABIAL MAYBELLINE SUPERSTAY 14H,14.44,14.01,0.4299999999999997
RIZADOR DE PESTAÑAS TRIM EASY HOLD 13553,8.84,8.57,0.2699999999999996
ESPONJA POLVO FACIAL FREESTYLE,1.71,1.62,0.08999999999999986
LIP GLOSS MAYBELLINE SUPER STAY TONO 240,18.02,17.48,0.5399999999999991
LIP GLOSS MAYBELLINE SUPER STAY TONO 190,18.02,17.48,0.5399999999999991
LIP GLOSS MAYBELLINE SUPER STAY TONO 615,18.02,17.48,0.5399999999999991
SUPER STAY 24H 510,18.02,17.48,0.5399999999999991
SUPER STAY 24H 195,18.02,17.48,0.5399999999999991
LIP GLOSS MAYBELLINE SUPER STAY CRYSTAL SHOCK CINNAMON,18.02,17.48,0.5399999999999991
LIP GLOSS MAYBELLINE SUPER STAY CRYSTAL SHOCK AMBER,18.02,17.48,0.5399999999999991
LABIAL MAYBELLINE SUPERSTAY 24H CRYSTAL SHOCK 570 RACEY,18.02,17.48,0.5399999999999991
SUPERSTAY 24H CRYSTAL SHOCK 470 PRECIOUS,18.02,17.48,0.5399999999999991
LIP GLOSS MAYBELLINE SUPER STAY TONO 340,18.02,17.48,0.5399999999999991
LIP GLOSS MAYBELLINE SUPER STAY TONO 760,18.02,17.48,0.5399999999999991
BÁLSAMO LABIAL MAYBELLINE SUPER STAY 24H,18.02,17.48,0.5399999999999991
BASE SUPERSTAY MAYBELLINE BETTER SKIN BASE 040 FAWN,29.36,28.48,0.879999999999999
BASE LÍQUIDA MAYBELLINE FIT ME FOUNDATION TONO 120 30ML,20.96,20.33,0.6300000000000026
BALSAMO LABIAL BABY LIPS ELECTRO FIERCE N TANGY,5.1,4.95,0.14999999999999947
INFALLIBLE BASE 320 CARAMEL/TOFFEE,27.85,27.01,0.8399999999999999
CR LA PALETTE NUDE BEIGE,27.28,26.46,0.8200000000000003
INFALLIBLE CONCEALER 4 BEIGE DORE/GOLD,21.15,20.52,0.629999999999999
INFALLIBLE CONCEALER 2 PORCELAINE,21.15,20.52,0.629999999999999
DELINEADOR MAYBELLINE MASTER KAJAL BLUE,15.21,14.75,0.46000000000000085
MASTER KAJAL DARK JADE,15.21,14.75,0.46000000000000085
SS BETTER SKIN BASE 042 SUN BEIGE/ BEIGE,29.36,28.48,0.879999999999999
LIP GLOSS MAYBELLINE SUPER STAY,18.02,17.48,0.5399999999999991
POLVO COMPACTO SAMY ILUMINADOR DIAMOND GLOW 4.5 GR,12.32,11.83,0.4900000000000002
POLVO COMPACTO SAMY BRONZING SHIMMER 4.5 GR,11.2,10.75,0.4499999999999993
SPE NYX EYE WHITE PEARL,8.81,8.55,0.2599999999999998
SPE NYX EYE TEAL,8.81,8.55,0.2599999999999998
SPE NYX EYE VELVET,8.81,8.55,0.2599999999999998
SPL NYX LIP LINER BLOOM,8.81,8.55,0.2599999999999998
SPL NYX LIP LINER DOLLY PINK,8.81,8.55,0.2599999999999998
JLP NYX JUMBO IRIS,11.4,11.06,0.33999999999999986
JLP NYX JUMBO ROSIE BROWN,11.4,11.06,0.33999999999999986
JLP NYX JUMBO PINK NUDE,11.4,11.06,0.33999999999999986
JLP NYX JUMBO DEEP RED,11.4,11.06,0.33999999999999986
JLP NYX JUMBO IRISH COFFEE,11.4,11.06,0.33999999999999986
JLP NYX JUMBO HERA,11.4,11.06,0.33999999999999986
JLP NYX JUMBO CHAOS,11.4,11.06,0.33999999999999986
BLG NYX BUTTER APPLE STRUDLE,11.58,11.23,0.34999999999999964
BLS NYX BUTTER CANDY BUTTONS,12.31,11.94,0.370000000000001
BLS NYX BUTTER LITTLE SUSIE,12.31,11.94,0.370000000000001
BLS NYX BUTTER FUN SIZE,12.31,11.94,0.370000000000001
BLS NYX BUTTER COTTON CANDY,12.31,11.94,0.370000000000001
LABIAL NYX BUTTER LIPSTICK BIT OF,12.31,11.94,0.370000000000001
LSS NYX LIP SMACKING CHIC,9.24,8.96,0.27999999999999936
ESMALTE SALLY HANSEN SALON MANICURE 405 HELLO PRETTY,14.01,13.59,0.41999999999999993
ESMALTE SALLY HANSEN SALON MANICURE 420 BACK TO THE FUCSIA,14.01,13.59,0.41999999999999993
ESMALTE SALLY HANSEN SALON MANICURE 450 KOOK A MANGO,14.01,13.59,0.41999999999999993
ESMALTE SALLY HANSEN XTREME WEAR SUN KISSED,6.87,6.66,0.20999999999999996
ESMALTE SALLY HANSEN HARD AS NAILS 420 MIGHTY MANGO,4.09,3.97,0.11999999999999966
LABIAL LOREAL INFAILLIBLE  111 PERMANENT BLUSH,17.64,17.11,0.5300000000000011
LABIAL LOREAL INFAILLIBLE X3 209 VIOLET PARFAIT,17.64,17.11,0.5300000000000011
LIP GLOSS MAYBELLINE SUPER STAY TONO 542,18.02,17.48,0.5399999999999991
LIP GLOSS MAYBELLINE SUPER STAY TONO 585,18.02,17.48,0.5399999999999991
POLVO CREMA MAJA PIEL PERFECTA TOSTADO 15 GR,9.52,8.52,1.0
POLVO CREMA MAJA PIEL PERFECTA TRIGUEÑO 15 GR,9.52,8.52,1.0
RIZADOR DE PESTAÑAS TRIM BEAUTY CARE,8.32,8.07,0.25
PESTANIL CREMA PESTANIL,3.25,3.15,0.10000000000000009
PINZA DE CEJAS TRIM CON MANGO DE TIJERA ,7.21,6.99,0.21999999999999975
PINZA DE CEJAS TRIM PUNTA ANGULAR,2.98,2.89,0.08999999999999986
RIZADOR DE PESTAÑAS  FREESTYLE,3.32,3.22,0.09999999999999964
PERFILADOR DE CEJAS FREESTYLE ,4.5,4.37,0.1299999999999999
PINZA PARA DEPILAR FREESTYLE ,2.51,2.43,0.07999999999999963
ESPONJA FREESTYLE CUADRADA ,1.82,1.72,0.10000000000000009
SACAPUNTAS FREESTYLE DOBLE,1.38,1.3,0.07999999999999985
PESTAÑAS POSTIZAS FREESTYLE ,4.46,4.33,0.1299999999999999
ESPONJA LIMPIEZA FREESTYLE,1.94,1.83,0.10999999999999988
SET APLICADORES DE SOMBRAS FREESTYLE,2.06,1.95,0.1100000000000001
RIZADOR DE PESTAÑAS FREESTYLE DE PLASTICO,2.4,2.33,0.06999999999999984
CORRECTOR PALLADIO YELLOW PALMAROSA,13.5,13.1,0.40000000000000036
DELINEADOR LIQUIDO PALLADIO NEGRO,13.5,13.1,0.40000000000000036
POLVO COMPACTO PALLADIO CYPRESS BEIGE,21.0,20.37,0.629999999999999
POLVO COMPACTO PALLADIO NATURAL CLARY,21.0,20.37,0.629999999999999
POLVO COMPACTO PALLADIO NEROLI BRONZE,21.0,20.37,0.629999999999999
ESPONJA  FREESTYLE REDONDA ,2.85,2.69,0.16000000000000014
POLVO COMPACTO PALLADIO LAUREL NUDE.,21.0,20.37,0.629999999999999
POLVO COMPACTO PALLADIO IVORY MYRRH,21.0,20.37,0.629999999999999
DELINEADOR DE OJOS PALLADIO COLOR NEGRO.,9.91,9.61,0.3000000000000007
SOMBRA CEJAS PALLADIO COLOR DARK BROWN,16.5,16.01,0.48999999999999844
AFEITADORA DE CEJAS TRIM SPECIALTY CARE ,4.46,4.21,0.25
RIMEL MAYBELLINE GREAT LASH VERY BLACK,16.63,16.13,0.5
CREMA SOLAR MULTI PROTECCIÓN ETRE BELLE FPS 30 75ML,59.18,57.4,1.7800000000000011
PINZA TRIM EN PUNTA CON ESTUCHE,4.69,4.55,0.14000000000000057
ESPONJAS REDONDAS CALA ,2.12,2.0,0.1200000000000001
CALA - BROCHA TIPO KABUKI ,13.25,12.52,0.7300000000000004
CONTORNO DE OJOS GOLDEN SKIN CAVIAR EYE GEL 15ML,69.71,67.62,2.089999999999989
PINZA DE CEJAS TRIM  BEAUTY CARE,6.76,6.56,0.20000000000000018
PINZA DE CEJAS TRIM CON LUZ 08272,12.41,12.04,0.370000000000001
PINZA PARA CEJAS TRIM BASE DE CAUCHO ,4.03,3.91,0.1200000000000001
MAQUILLAJE MATIFICANTE ETRE BELLE VELVET MAT FPS 10 30ML,58.57,56.81,1.759999999999998
DELINEADOR OJOS ALMAY COLOR RAISIN QUARTZ 0.27 GR,13.34,12.94,0.40000000000000036
DELINEADOR OJOS ALMAY COLOR BROWN TOPAZ,13.34,12.94,0.40000000000000036
DELINEADOR OJOS ALMAY COLOR RAISIN QUARTZ 2.5 ML.,13.34,12.94,0.40000000000000036
DELINEADOR OJOS ALMAY COLOR PURPLE AMESTHYST,13.34,12.94,0.40000000000000036
POLVO COMPACTO ALMAY RAA-5122 CLEAR COMPLEX MEDIUM,22.35,21.68,0.6700000000000017
CALA - SET DE BROCHAS X 7,27.99,26.45,1.5399999999999991
APLICADORES DE SOMBRA CALA STUDIO 70843 X12,2.0,1.89,0.1100000000000001
SET APLICADOR DE SOMBRA FREESTYLE ,2.17,2.05,0.1200000000000001
SET BROCHAS FREESTYLE ,4.46,4.21,0.25
"LABIAL CATRICE ULTIMATE MATT  3,8 GR 100 ",5.39,5.23,0.15999999999999925
"LAPIZ LABIOS CATRICE LIP FOUNDATION 1,3GR 020",3.99,3.87,0.1200000000000001
"LAPIZ LABIOS CATRICE LIP FOUNDATION 1,3GR 040",3.99,3.87,0.1200000000000001
"ESMALTE UÑAS ICONAILS CATRICE GEL LACQUER 10,5ML 59",2.69,2.61,0.08000000000000007
"ESMALTE UÑAS ICONAILS CATRICE GEL LACQUER 10,5ML 50",2.69,2.61,0.08000000000000007
LABIAL CRAYÓN MATE SAMY # 1. NUDE PINK,10.63,10.31,0.3200000000000003
BASE CORRECTORA SAMY BRUNETTE,8.8,8.54,0.26000000000000156
LABIAL SAMY CRAYON MATE WILD PINK,10.63,10.31,0.3200000000000003
ALMAY SOMBRAS TRIO BLISTER-IIC EVENIG SMOKIN,15.17,14.71,0.4599999999999991
ALMAY  BUTTER KISS LIPSTICK  PINK,13.04,12.65,0.3899999999999988
ESMALTE CORE NAIL POLISH BRIGHT PINK.,3.0,2.85,0.1499999999999999
ALMAY  SS BTTR KISS LIPSTCK NUDE LIGHT/MEDIUM,13.04,12.65,0.3899999999999988
COLOR MANIA LIQUID GLOSS SUNNY VANILLA,14.46,14.03,0.4300000000000015
ALMAY SS BTTR KISS LIPSTCK RED M,13.04,12.65,0.3899999999999988
ALMAY SOMBRAS TRIO BLISTER EVERYDAY NEUTRALS VERDES,15.17,14.71,0.4599999999999991
LABIAL SAMY SEMI MATTE LILAC,9.51,9.22,0.28999999999999915
ESMALTE CORE NAIL POLISH DEEPEST PURPLE,3.0,2.85,0.1499999999999999
LABIAL SAMY CRAYON MATE SALMON PINK,10.63,10.31,0.3200000000000003
LABIAL SAMY CRAYÓN MATE CHERRY RED,10.63,10.31,0.3200000000000003
SAMY LABIAL SEMI MATTE  # 4. CANDY,9.51,9.22,0.28999999999999915
SAMY LABIAL SEMI MATTE # 3. KISS M,9.51,9.22,0.28999999999999915
LABIAL SAMY MOISTURUZING TONO 221,6.0,5.82,0.17999999999999972
LABIAL SAMY SEMI MATTE POMEGRA,9.51,9.22,0.28999999999999915
SAMY LABIAL SEMI MATTE  # 5. PINK,9.51,9.22,0.28999999999999915
LABIAL SAMY SEMI MATTE FUCSIA,9.51,9.22,0.28999999999999915
 BROCHA PARA DELINEAR OJOS CALA 76508,2.24,2.12,0.1200000000000001
SOMBRA DE OJOS SAMY MINERAL EYE SHADOW ROSA METALICO 4 GR,6.74,6.47,0.27000000000000046
SOMBRAS DE OJOS SAMY MINERAL EYE SHADOW GRAFITO,6.74,6.47,0.27000000000000046
"MASCARA MAYBELLINE COLOSSAL SMOKY EYES 10,7 ML",21.75,21.1,0.6499999999999986
ALMAY COLOR+CARE LIQ.LIP BALM  APPLE A DAY,10.8,10.48,0.3200000000000003
ALMAY SS BTTR KISS LIPSTCK NUDE MEDIUM,13.04,12.65,0.3899999999999988
ALMAY SS BTTR KISS LIPSTCK RED L,13.04,12.65,0.3899999999999988
LABIAL HUMECTANTE SAMY 225,6.0,5.82,0.17999999999999972
ESMALTES MUA NAIL FUR EFFECTS  FUZZY FLUFF,8.91,8.46,0.4499999999999993
ALMAY SOMBRAS TRIO EVERYDAY NEUTRALS HAZELS,15.17,14.71,0.4599999999999991
DELINEADOR OJOS MAYBELLINE COLOR SHOW LINER 120 SPARKLE GREY,7.85,7.61,0.23999999999999932
SOMBRA DE OJOS PALLADIO  MATTE 5TH AVENUE ,10.81,10.49,0.3200000000000003
LABIAL PALLADIO COLOR PLUM MAJESTY,11.91,11.55,0.35999999999999943
LABIAL SAMY DAY TO NIGHT TONO 23,14.0,13.58,0.41999999999999993
LABIAL SAMY DAY TO NIGHT TONO 25,14.0,13.58,0.41999999999999993
POLVO COMPACTO CATRICE MEDIUM BRONZE 9 GR,6.29,6.1,0.1900000000000004
DELINEADOR CATRICE EYE BROW STYLIST 030,3.79,3.68,0.10999999999999988
MASCARA CATRICE GLAM & DOLL 10 ML,6.49,6.3,0.1900000000000004
POLVO FACIALES CATRICE ALL MATT PLUS SHINE CONTROL POWDER 030,5.79,5.62,0.16999999999999993
DELINEADOR CAT. EYE BROW STYLIST 040,3.79,3.68,0.10999999999999988
DELINEADOR CATRICE KOHL KAJAL 010,2.99,2.9,0.0900000000000003
SET DE SOMBRAS CATRICE 4 GR,5.99,5.81,0.1800000000000006
BASE DE MAQUILLA CATRICE PRIME AND FINE ,7.79,7.56,0.23000000000000043
MASCARA CATRICE ALLROUND ULTRA BLACK 010,4.99,4.84,0.15000000000000036
SOMBRA CATRICE LIQUID METAL COLOR 120 3 GR,5.79,5.62,0.16999999999999993
LABIAL PALLADIO HERBAL MATTE CORAL,11.91,11.55,0.35999999999999943
LABIAL PALLADIO VELVET WINE 3.7 GR,11.91,11.55,0.35999999999999943
LABIAL PALLADIO MATTE LIPSTICK REGAL CAFÉ,11.91,11.55,0.35999999999999943
LABIAL  PALLADIO  HERBAL MATTE ROYAL PLUM,11.91,11.55,0.35999999999999943
MAQUILLAJE EN POLVO PALLADIO MATTE BLUSH BERRY PINK,15.2,14.74,0.4599999999999991
LABIAL PALLADIO HERBAL MATTE LADY ROSE,11.91,11.55,0.35999999999999943
LABIAL PALLADIO COLOR RED CARPET,11.91,11.55,0.35999999999999943
MAYBELLINE ESTUD.BIG EYES LUMINOUS BLUE,16.8,16.3,0.5
SOMBRA MAYBELLINE NATURAL BEIGE 9 GR,15.24,14.78,0.46000000000000085
BALSAMO HIDRATANTE MAYBELLINE SUPER STAY 24 HR 24 ML,18.02,17.48,0.5399999999999991
MAYBELLINE ESTUD.BIG EYES LUMINOUS GRASS,16.8,16.3,0.5
BASE DE MAQUILLAJE CAT. ALL MATT PLUS SHINE CONTROL MAKE UP 010,9.99,9.69,0.3000000000000007
LIP GLOSS CATRICE VOLUMIZING 5 ML,5.79,5.62,0.16999999999999993
CAMOUFLAGE CATRICE COLOR LIGHT BEIGE 3 GR,4.99,4.84,0.15000000000000036
BASE DE MAQUILLAJE CAT. ALL MATT PLUS SHINE CONTROL MAKE UP 020,9.99,9.69,0.3000000000000007
DELINEADOR CATRICE COLOR DATING JOE BLACK 1.7 ML,5.79,5.62,0.16999999999999993
MASCARA CATRICE ALLROUND MASCARA WATERPROOF 010,5.79,5.62,0.16999999999999993
DELINEADOR CATRICE LIQUID LINER WATERPROOF 010,5.99,5.81,0.1800000000000006
CORRECTOR CATRICE ALLROUND CONCEALER,5.49,5.33,0.16000000000000014
DELINEADOR CATRICE EYE BROW STYLIST,3.79,3.68,0.10999999999999988
DELINEADOR DE OJOS CATRICE CALLIGRAPH ,4.99,4.84,0.15000000000000036
MASCARA CAT. GLAM & DOLL CURL & VOLUME MASCARA 010,6.49,6.3,0.1900000000000004
CORRECTOR CATRICE LIQUID CAMOUFLAGE ,5.79,5.62,0.16999999999999993
PESTAÑAS POSTIZAS CATRICE SINGLE LASHES 1 ML,5.99,5.81,0.1800000000000006
MACARA CATRICE LASHES TO KILL WATRERPROOF 10 ML,6.79,6.59,0.20000000000000018
ESMALTES OPI JADE IS THE NEW BLACK 15 ML,11.91,11.55,0.35999999999999943
PESTAÑAS POSTIZA ARDELL LASH LITES NEGRA,5.58,5.25,0.33000000000000007
PESTAÑAS POSTIZAS ARDELL LASHLITES 333 NEGRA,5.58,5.25,0.33000000000000007
PESTAÑA POSTIZA ARDELL LASH LITES NEGRA,5.58,5.25,0.33000000000000007
ESMALTES OPI TEAL THE COWS COM 15 ML ,11.91,11.55,0.35999999999999943
ESMALTES OPI COLOR KYOTO PEARL 15 ML,11.91,11.55,0.35999999999999943
SOMBRAS ALMAY TRIO-IIC PARTY BRIGHTS-IIC PARTY,15.18,14.88,0.29999999999999893
LIP STICK MAYBELLINE MEGAWATT BURST OF CORAL,14.44,14.01,0.4299999999999997
ESMALTE COLOR SHOW MAYBELLINE COLOR BUBBLICIOUS 7 ML,5.12,4.97,0.15000000000000036
LIP STICK MAYBELLINE MEGAWATT FLASH OF FUCSIA,14.44,14.01,0.4299999999999997
ESMALTE COLOR SHOW MAYBELLINE COLOR URBAN TURQUOISE 7 ML,5.12,4.97,0.15000000000000036
LABIAL MAYBELLINE SUPER STAY COLOR NEON PINK,14.44,14.01,0.4299999999999997
ESMALTE COLOR SHOW MAYBELLINE COLOR URBAN CORAL 7 ML,5.12,4.97,0.15000000000000036
ESMALTE COLOR SHOW MAYBELLINE COLOR CORAL CRAZE 7 ML,5.12,4.97,0.15000000000000036
MASCARA LOREAL MAQUILLAJE VOLUMINOUS BUTTERFLY BLACKEST WS,28.0,27.16,0.8399999999999999
ESSENCE SOMBRAS OJOS THE VELVETS EYESHADOW 05,2.99,2.9,0.0900000000000003
ESSENCE SOMBRAS OJOS THE VELVETS EYESHADOW 01,2.99,2.9,0.0900000000000003
ESSENCE SOMBRAS OJOS EYESHADOW 25,2.49,2.42,0.07000000000000028
ESSENCE SOMBRAS OJOS THE VELVETS EYESHADOW 04,2.99,2.9,0.0900000000000003
ESSENCE SOMBRAS OJOS THE VELVETS EYESHADOW 03,2.99,2.9,0.0900000000000003
ESSENCE DELINEADOR OJOS GEL EYE PENCIL WATERPROOF 07,4.12,4.0,0.1200000000000001
ESSENCE ESMALTE DE UÑAS COLOUR&CARE STRENGTH.NAIL POLISH 04,2.99,2.9,0.0900000000000003
ILUMINADOR GLOW LIKE A MERMAID 10 GR 10 ESSENCE,5.99,5.81,0.1800000000000006
MASCARA DE PESTAÑAS SUPER CURL VOLUME EYE OPENING 8 ML 01 ESSENCE,4.79,4.65,0.13999999999999968
BASE FRESH & FIT AWAKE MAKE UP 30 ML 30 ESSENCE,7.99,7.75,0.2400000000000002
LABIAL COLOUR UP SHINE ON 3.5 GR 08 ESSENCE,3.79,3.68,0.10999999999999988
LAPIZ DE LABIOS DRAW THE LINE INSTANT COLOUR 0.25 GR 11 ESSENCE,2.49,2.42,0.07000000000000028
LAPIZ DE LABIOS SOFT CONTOURING 1.4 GR 15 ESSENCE,1.59,1.54,0.050000000000000044
LABIAL COLOUR UP SHINE ON 3.5 GR 10 ESSENCE,3.79,3.68,0.10999999999999988
LAPIZ DE LABIOS SOFT CONTOURING 1.4 GR 14 ESSENCE,1.59,1.54,0.050000000000000044
LABIAL COLOUR UP SHINE ON 3.5 GR 04 ESSENCE,3.79,3.68,0.10999999999999988
FIJADOR GLOW TO GO 50 ML ESSENCE,5.49,5.33,0.16000000000000014
LAPIZ DE LABIOS DRAW THE LINE INSTANT COLOUR 0.25 GR 20 ESSENCE,2.49,2.42,0.07000000000000028
"PALETA ASTRA DE CORRECTORES 6,5G",16.99,16.65,0.33999999999999986
ASTRA BASE HIDRATANTE MY FOUNDATION CARAMEL N° 27 30ML,19.99,19.59,0.3999999999999986
LAPIZ CORRECTOR SKINSTICK FOUNDATION NOCCIOLA N°36,20.5,20.09,0.41000000000000014
ASTRA BASE HIDRATANTE MY FOUNDATION TIRAMISU N° 28 30ML,19.99,19.59,0.3999999999999986
LAPIZ CORRECTOR SKINSTICK FOUNDATION N°37,20.5,20.09,0.41000000000000014
ASTRA POLVO COMPACTO NATURAL SKIN POWDER CARAMELLON°34,18.5,18.13,0.370000000000001
PRIMER ASTRA RITUAL PRIMER SMOOTHING EFFECT 30ML,20.99,20.57,0.41999999999999815
CORRECTOR ASTRA LONG STAY CONCEALER SAND N°04,14.99,14.69,0.3000000000000007
LAPIZ DELINEADOR PROFESSIONAL EYE PENCIL BLACK ASTRA,7.99,7.83,0.16000000000000014
LABIAL HYPNOTIZE LIQUID LIPSTICK FEMINIST N°12,15.5,15.19,0.3100000000000005
LAPIZ DELINEADOR LABIALPROFESSIONA LIP PENCILRED LIPS N°31,7.99,7.83,0.16000000000000014
ASTRA POLVO SUELTO VELVET SKIN LOOSE POWDER GHOST N°01 10G,17.99,17.63,0.35999999999999943
LAPIZ DELINEADOR PROFESSIONA LIP PENCIL DARK RED N°36,7.99,7.83,0.16000000000000014
LABIAL HYPNOTIZE LIQUID LIPSTICK GOSSIP GIRL N°13,15.5,15.19,0.3100000000000005
LABIAL HYPNOTIZE LIQUID LIPSTICK DIVA N°04,15.5,15.19,0.3100000000000005
ASTRA POLVO COMPACTO NATURAL SKIN POWDER BEIGE N°33,18.5,18.13,0.370000000000001
FLORMAR COLOR PALETTE EYESHADOW 006 PINK DESSERTS 9GR.,11.99,11.63,0.35999999999999943
FLORMAR DELUXE CASHMERE LIPSTICK DC26 FESTIVE BURGUNDY MATTE 3GR.,6.39,6.2,0.1899999999999995
FLORMAR TINTED EYEBROW MASCARA DEEP BRUNETTE 40 5.5ML,5.59,5.42,0.16999999999999993
FLORMAR WET & DRY COMPACT POWDER W07 CARAMEL PEACH 10GR.,10.19,9.88,0.3099999999999987
FLORMAR SILK MATTE LIQUID LIPSTICK 14 CARNATION RED 4.5ML,6.49,6.3,0.1900000000000004
FLORMAR SILK MATTE LIQUID LIPSTICK 11 MISTY ROSY 4.5ML,6.49,6.3,0.1900000000000004
FLORMAR EYELINER PEN 600 BLACK 1.0ML,5.39,5.23,0.15999999999999925
LABIAL HYPNOTIZE LIQUID LIPSTICK INFLUENCER N°05,15.5,15.19,0.3100000000000005
ASTRA BASE HIDRATANTE MY FOUNDATION MACARON No. 25 30ML,19.99,19.59,0.3999999999999986
ASTRA POLVO COMPACTO NATURAL SKIN POWDER TERRA CHIARA N°41,18.5,18.13,0.370000000000001
LAPIZ CORRECTOR SKINSTICK FOUNDATION NATURALE N°34 BEIGE,20.5,20.09,0.41000000000000014
FIJADOR MAQUILLAJE RITUAL FIXING SPRAY 50ML,22.4,21.95,0.4499999999999993
RIMEL EYEBROW LOVER MASCARA BROWN N°02,13.5,13.23,0.2699999999999996
MASCARA PESTAÑAS SEXY VOLUMEDEEP BLACK,18.99,18.61,0.379999999999999
PALETA CONTORNO ASTRA PEACH ROMANCE 8G,19.99,19.59,0.3999999999999986
PALETA CONTORNO ASTRA MAUVE ROMANCE 8G,19.99,19.59,0.3999999999999986
CUARTETO SOMBRAS COLOR MUSE NUDE SPECTRUM N°02,18.99,18.61,0.379999999999999
ASTRA POLVO COMPACTO NATURAL SKIN POWDER NATURALEN°31 ,18.5,18.13,0.370000000000001
CUARTETO SOMBRAS COLOR MUSE NEW VINTAGE N°04,18.99,18.61,0.379999999999999
LAPIZ DELINEADOR 24H EYE COLOR-STAIN PENCIL BLACK ASTRA,13.5,13.23,0.2699999999999996
LABIAL HYPNOTIZE LIQUID LIPSTICK DREAMER N°02,15.5,15.19,0.3100000000000005
LAPIZ DELINEADOR LABIAL PROFESSIONA LIP PENCIL PINK LIPS N°33,7.99,7.83,0.16000000000000014
CORRECTOR ASTRA LONG STAY CONCEALER IVORY N°01,14.99,14.69,0.3000000000000007
FLORMAR MAT VELVET MATIFYNG FOUNDATION V213 MEDIUM BEIGE 35ML,10.19,9.88,0.3099999999999987
FLORMAR PERFECT COVERAGE LIQUID CONCEALER 03 LIGHT BEIGE  5ML,4.79,4.65,0.13999999999999968
FLORMAR EYEBROW PENCIL 402 BROWN 1.14GR.,3.69,3.58,0.10999999999999988
FLORMAR COLOR PALETTE EYESHADOW 007 NUDE DUDES 9GR.,11.99,11.63,0.35999999999999943
FLORMAR EYESHADOW PALETTE METALLIC 04 10G,16.89,16.38,0.5100000000000016
FLORMAR DELUXE CASHMERE LIPSTICK DC28 ABSOLUTE NUDE MATTE 3GR.,6.39,6.2,0.1899999999999995
FLORMAR HD WEIGHTLESS  LIPSTICK MATTE 08 RED VELVET 4G,6.39,6.2,0.1899999999999995
FLORMAR HD WEIGHTLESS LIPSTICK MATTE 02 DRY ROSE 4G,6.39,6.2,0.1899999999999995
LAPIZ DELINEADOR PROFESSIONAL EYE PENCIL WOOD ASTRA,7.99,7.83,0.16000000000000014
CUARTETO SOMBRAS COLOR MUSE MODERN MASTERPIECE N°03,18.99,18.61,0.379999999999999
MASCARA DE PESTAÑAS SEXY VOLUME WATERPROOF  DEEP BLACK,18.99,18.61,0.379999999999999
LAPIZ DELINEADOR PROFESSIONA LIP PENCIL BRICK KICK N°44,7.99,7.83,0.16000000000000014
ASTRA MÁSCARA DE PESTAÑA SUBLIMINAL ATOMIC VOLUME,15.99,15.67,0.3200000000000003
ASTRA POLVO SUELTO VELVET SKIN LOOSE POWDER PORCELAIN N°02 10G,17.99,17.63,0.35999999999999943
"LAPIZ DE OJOS KHOL KAJAL  1,1 GR 260 CATRICE",2.99,2.9,0.0900000000000003
BRILLO LABIAL ESSENCCE PUMPLING NUDES 4.5 ML 05 BOLD LOVE,3.49,3.49,0.0
SOMBRA ESSENCE G'DAY SYDNEY N01 13.5GR ,9.99,9.99,0.0
BRILLO LABIAL ESSENCE PUMPLING NUDES 4.5 ML 01 CHARM,3.49,3.49,0.0
ESMALTE DE UÑAS ICONAILS GEL LACQUER 10.5 ML 73,2.69,2.69,0.0
FIJADOR DE MAQUILLAJE ESSENCE YOU BETTER WORK! 50 ML,4.49,4.49,0.0
BRILLO LABIAL ESSENCE PUMPLING NUDES 4.5 ML 02 BIG SOFTIE,3.49,3.49,0.0
ESMALTE DE UÑAS ICONAILS GEL LACQUER 10.5 ML,2.69,2.69,0.0
ESPEJO CARTERA VARIOS ,3.32,2.99,0.3299999999999996
BRILLO LABIAL ESSENCE PUMPLING NUDES 4.5 ML 03 SHE'S SO EXTRA,3.49,3.49,0.0
MASCARA ESSENCE VOLUME BOOSTER LASH PRIMER 7ML,4.39,4.39,0.0
BASE LIGERA ESSENCE YOU BETTER WORK! 30 ML 20 MEDIUM,5.99,5.99,0.0
BASE LIGERA ESSENCE YOU BETTER WORK! 30 ML 10 LIGHT,5.99,5.99,0.0
SOMBRA ESSENCE NUDE 7GR,6.49,6.49,0.0
ESMALTE DE UÑAS ICONAILS GEL LACQUER 10.5 ML 72 CATRICE,2.69,2.69,0.0
ESMALTE DE UÑAS ICONAILS GEL LACQUER 10.5 ML,2.69,2.69,0.0
BRILLO LABIAL ESSENCE PUMPLING NUDES 4.5 ML 04 THAT'S BIG,3.49,3.49,0.0
BRILLO LABIAL ESSENCE PUMPLING NUDES 4.5 ML 06 BIG BANG,3.49,3.49,0.0
ESMALTE DE UÑAS ICONAILS GEL LACQUER 10.5 ML 78 CATRICE,2.69,2.69,0.0
ILUMINADOR LIQUIDO ESSENCE INSTA PERFECT 15 ML N°20,5.49,5.49,0.0
SOMBRA ESSENCE HELLO NEW YORK N03  13.5GR,9.99,9.99,0.0
ESMALTE DE UÑAS ICONAILS GEL LACQUER 10.5 ML ,2.69,2.69,0.0
ILUMINADOR LIQUIDO ESSENCE INSTA PERFECT 15 ML N°10,5.49,5.49,0.0
FLORMAR TERRACOTTA BLUSH ON 044 PINK BRONZE 9GR.,12.89,12.5,0.39000000000000057
FLORMAR CAMOUFLAGE PALETTE CONCEALER 7.5GR,13.59,13.18,0.41000000000000014
RIZADOR DE PESTANAS BEAUTY100,6.66,5.99,0.6699999999999999
ESPEJO DE MANO REDONDO BEAUTY100,7.21,6.49,0.7199999999999998
BROCHA RETRACTIL BEAUTY100,6.66,5.99,0.6699999999999999
MASCARA ESSENCE YOU BETTER WORK! LENGHT DEFINITION 10 ML,4.49,4.49,0.0
ESMALTE DE UÑAS CATRICE ICONAILS GEL LACQUER 10.5 ML,2.69,2.69,0.0
SOMBRA ESSENCE BLUSHED  7GR,6.49,6.49,0.0
MASCARA ESSENCE YOU BETTER WORK! VOLUME & CURL 10 ML,4.49,4.49,0.0
ESMALTE DE UÑAS MORE THAN NUDE 10.5 ML 02 CATRICE,3.99,3.99,0.0
ESMALTE UÑAS GALACTIC GLOW TRANSLUCENT EFFECT 8ML 05 CATRICE,4.29,4.29,0.0
CORRECTOR ONE DROP COVERAGE WEIGHTLESS 7 ML 005,7.29,7.29,0.0
ILUMINADOR BOUNZY BRONZER  7 GR 010 CATRICE,6.29,6.29,0.0
ESMALTE DE UÑAS MORE THAN NUDE 10.5 ML 01 CATRICE,3.99,3.99,0.0
ESMALTE DE UÑAS MORE THAN NUDE 10.5 ML 05 CATRICE,3.99,3.99,0.0
PALETA DE SOMBRAS ROSE + DELINEADOR DE OJOS+ BROCHA THE COLOR WORKSHOP,8.41,7.99,0.41999999999999993
DELINEADOR LIQUIDO IT'SEASY TATTOO LINER  1.1 ML 010 CATRICE,5.49,5.49,0.0
FLORMAR PRIMER ILLUMINATING MAKE UP BASE 30ML,11.79,11.44,0.34999999999999964
FLORMAR LOOSE POWDER 003 MEDIUM SAND 18GR.,8.19,7.94,0.2499999999999991
FLORMAR COMPACT POWDER 092 MEDIUM SOFT PEACH 11GR.,8.19,7.94,0.2499999999999991
FLORMAR COMPACT POWDER 098 MEDIUM NATURAL BEIGE  11GR.,8.19,7.94,0.2499999999999991
FLORMAR PERFECT COVERAGE LIQUID CONCEALER 02 IVORY 5ML,4.79,4.65,0.13999999999999968
FLORMAR LOOSE POWDER 006 SUN POWDER 18GR.,8.19,7.94,0.2499999999999991
FLORMAR DIPLINER BLACK 3.5ML,4.19,4.06,0.13000000000000078
FLORMAR SATIN MATTE BLUSH ON 005 PEACH BROWN 6GR.,6.49,6.3,0.1900000000000004
FLORMAR BAKED TERRACOTTA POWDER 023 DUAL GOLD 9GR,14.49,14.06,0.4299999999999997
ESPEJO CARTERA VARIOS ,3.32,2.99,0.3299999999999996
ESMALTE UÑAS GALACTIC GLOW TRANSLUCENT EFFECT 8 ML 04 CATRICE,4.29,4.29,0.0
SOMBRA THE EDGY LILAC COLLECTION  10 GR 010 CATRICE,7.99,7.99,0.0
ILUMINADOR GOLDEN DUST  14 ML 010 CATRICE,7.99,7.99,0.0
PALETA DE SOMBRAS + DELINEADOR DE OJOS + BROCHA DIFUMINADORA THE COLOR WORKSHOP,8.41,7.99,0.41999999999999993
SOMBRA SUPERBIA  15 GR WARM COOPER 010 CATRICE,10.99,10.99,0.0
DELINEADOR LIQUIDO IT'S EASY  1 ML 010 CATRICE,4.99,4.99,0.0
ILUMINADOR BOUNZY BRONZER  7 GR 020 CATRICE,6.29,6.29,0.0
CORRECTOR ONE DROP COVERAGE WEIGHTLESS 7 ML 003,7.29,7.29,0.0
ESMALTE DE UÑAS MORE THAN NUDE 10.5 ML 03 CATRICE,3.99,3.99,0.0
CORRECTOR ONE DROP COVERAGE WEIGHTLESS 7 ML 010 LIGHT BEIGE,7.29,7.29,0.0
ESMALTE UÑAS GALACTIC GLOW TRANSLUCENT EFFECT 8ML 06 CATRICE,4.29,4.29,0.0
ESMALTE DE UÑAS MORE THAN NUDE 10.5 ML 04 CATRICE,3.99,3.99,0.0
FLORMAR WET & DRY COMPACT POWDER W08 MEDIUM PEACH 10GR.,10.19,9.88,0.3099999999999987
FLORMAR TERRACOTTA POWDER 025 MARBLE PINK GOLD 9GR.,14.49,14.06,0.4299999999999997
FLORMAR MAT TOUCH FOUNDATION M304 NUDE IVORY 30ML,16.49,16.0,0.48999999999999844
FLORMAR TERRACOTTA BLUSH ON 045 TOUCH OF ROSE 9GR.,12.89,12.5,0.39000000000000057
BLUSH PHYSICIANS FORMULA VINTAGE ROUGE 7.5G,19.94,19.34,0.6000000000000014
PRIMER PHYSICIANS FORMULA ILUMINADOR GLOW 30ML,23.63,22.92,0.7099999999999973
LABIAL LÍQUIDO MATE SAMY MIDNIGHT DRAMA 4ML,11.98,11.62,0.3600000000000012
ESMALTE UÑAS GALACTIC GLOW TRANSLUCENT EFFECT 8 ML 02 CATRICE,4.29,4.29,0.0
CORRECTOR ONE DROP COVERAGE WEIGHTLESS 7 ML 020 CATRICE,7.29,7.29,0.0
SOMBRA SUPERBIA  15 GR FROSTED TAUPE 020 CATRICE,10.99,10.99,0.0
ESMALTE ESSENCE SHINE LAST & GO! GEL  8 ML 16,1.99,1.99,0.0
ESMALTE ESSENCE SHINE LAST & GO! GEL  8 ML 44,1.99,1.99,0.0
ESMALTE ESSENCE SHINE LAST & GO! GEL  8 ML 46,1.99,1.99,0.0
ESMALTE ESSENCE SHINE LAST & GO! GEL  8 ML 12,1.99,1.99,0.0
ESMALTE ESSENCE SHINE LAST & GO! GEL  8 ML 21,1.99,1.99,0.0
ESMALTE ESSENCE SHINE LAST & GO! GEL  8 ML 04,1.99,1.99,0.0
ESMALTE ESSENCE SHINE LAST & GO! GEL  8 ML 14,1.99,1.99,0.0
ESMALTE ESSENCE SHINE LAST & GO! GEL  8 ML 23,1.99,1.99,0.0
BRILLO LABIAL PALMER´S ACEITE DE COCO 4GRS,5.34,4.99,0.34999999999999964
RIZADOR PESTAÑAS BEAUTY100,4.43,3.99,0.4399999999999995
SET DE BROCHAS 5 PIEZAS BEAUTY100,8.88,7.99,0.8900000000000006
BROCHA POLVO MAQUILLAJE BEAUTY100,5.54,4.99,0.5499999999999998
ESPONJA DE MAQUILLAJE BEAUTY BLENDER BEAUTY100,5.54,4.99,0.5499999999999998
BROCHA PARA MAQUILLAJE LIQUIDO BEAUTY100,7.21,6.49,0.7199999999999998
BLUSH PHYSICIANS FORMULA ROSY PINK 7.5G,19.94,19.34,0.6000000000000014
ESMALTE DE UÑAS ICONAILS GEL LACQUER  10.5 ML,2.69,2.69,0.0
ESMALTE ESSENCE SHINE LAST & GO! GEL  8 ML 02,1.99,1.99,0.0
ESMALTE ESSENCE SHINE LAST & GO! GEL  8 ML 15,1.99,1.99,0.0
ESMALTE ESSENCE SHINE LAST & GO! GEL  8 ML 49,1.99,1.99,0.0
ESMALTE ESSENCE SHINE LAST & GO! GEL  8 ML 01,1.99,1.99,0.0
ESMALTE ESSENCE SHINE LAST & GO! GEL  8 ML 25,1.99,1.99,0.0
ESMALTE ESSENCE SHINE LAST & GO! GEL  8 ML 30,1.99,1.99,0.0
ESMALTE ESSENCE SHINE LAST & GO! GEL  8 ML 32,1.99,1.99,0.0
ESMALTE ESSENCE SHINE LAST & GO! GEL  8 ML 41,1.99,1.99,0.0
MEGA PALETA DE SOMBRAS 122 PIEZAS,17.99,17.63,0.35999999999999943
CAJA SET COSMETICOS SWEETHEART ,55.99,54.87,1.1200000000000045
CAJA SET COSMETICOS BOHOCHIC  ,55.99,54.87,1.1200000000000045
SET ILUMINADORES MARKWINS GLOW ILLUMINATING COLLECTION 6.4G,8.39,8.22,0.16999999999999993
CAJA MAQUILLAJE HELLO BEAUTIFUL ,14.99,14.69,0.3000000000000007
ESMALTE ESSENCE SHINE LAST & GO! GEL  8 ML 42,1.99,1.99,0.0
ESMALTE ESSENCE EXTREME LAST 8ML,2.99,2.99,0.0
ESMALTE ESSENCE EXTREME  SHINE 8ML,2.99,2.99,0.0
ESMALTE ESSENCE SHINE LAST & GO! GEL  8 ML 05,1.99,1.99,0.0
ESMALTE ESSENCE SHINE LAST & GO! GEL  8 ML 07,1.99,1.99,0.0
ESMALTE ESSENCE SHINE LAST & GO! GEL  8 ML 35,1.99,1.99,0.0
BRILLO LABIAL ESSENCE PUMPLING NUDES 4.5 ML 07 SO HEAVY!,3.49,3.49,0.0
ESMALTE ESSENCE SHINE LAST & GO! GEL  8 ML 06,1.99,1.99,0.0
ESMALTE ESSENCE SHINE LAST & GO! GEL  8 ML 34,1.99,1.99,0.0
ESMALTE ESSENCE SHINE LAST & GO! GEL  8 ML 36,1.99,1.99,0.0
BRILLO LABIAL PALMER´S RAW SHEA 4GRS,5.34,4.99,0.34999999999999964
ESMALTE ESSENCE SHINE LAST & GO! GEL  8 ML 13,1.99,1.99,0.0
ESMALTE ESSENCE SHINE LAST & GO! GEL  8 ML 28,1.99,1.99,0.0
FLORMAR PERFECT COVERAGE LIQUID CONCEALER 40 LIGHT/MEDI 5ML,4.79,4.65,0.13999999999999968
FLORMAR EYEBROW PRIMER,7.79,7.56,0.23000000000000043
FLORMAR STYLE MATIC EYELINER S07 STARRY CLOUDS 0.39GR.,9.79,9.5,0.28999999999999915
FLORMAR HD INVISIBLE COVER 100 MEDIUM BEIGE 30ML,11.99,11.63,0.35999999999999943
FLORMAR LIQUID ILLUMINATOR ROSY GLOW 03 25ML,10.99,10.66,0.33000000000000007
FLORMAR ULTRA EYELINER 012 BROWN 1.14GR,6.09,5.91,0.17999999999999972
FLORMAR LIQUID ILLUMINATOR SUNSET GLOW 02 25ML,10.99,10.66,0.33000000000000007
FLORMAR HD INVISIBLE COVER 50 LIGHT BEIGE 30ML,11.99,11.63,0.35999999999999943
FLORMAR X10 SCULPTING MASCARA 002 LENGTHENING 15ML,6.59,6.39,0.20000000000000018
FLORMAR ULTRA EYELINER 017 NUDE 1.14GR,6.09,5.91,0.17999999999999972
FLORMAR COLOR PALETTE EYESHADOW 004 GOLDEN CARAMEL 9GR.,11.99,11.63,0.35999999999999943
FLORMAR EYEBROW DESIGN KIT 40 DARK 1.8GR.,11.09,10.76,0.33000000000000007
FLORMAR X10 SCULPTING MASCARA 001 VOLUME 15ML,6.59,6.39,0.20000000000000018
FLORMAR EYESHADOW PALETTE SMOKY 02 10GR.,16.89,16.38,0.5100000000000016
FLORMAR MAT TOUCH FOUNDATION M306 PASTELLE 30ML,16.49,16.0,0.48999999999999844
FLORMAR DELUXE CASHMERE LIPSTICK DC35 STARRY ROSE 3GR.,6.39,6.2,0.1899999999999995
FLORMAR MAT VELVET MATIFYNG FOUNDATION V202  SOFT BEIGE 35ML,10.19,9.88,0.3099999999999987
FLORMAR SILK MATTE LIQUID LIPSTICK 12 TERRACOTTA  4.5ML,6.49,6.3,0.1900000000000004
FLORMAR EYESHADOW PALETTE NUDE 01 10GR.,16.89,16.38,0.5100000000000016
SET MARKWINS MEGA FACE PALETTE 36 PC,18.99,18.61,0.379999999999999
FLORMAR HD INVISIBLE COVER 120 HONEY 30ML,11.99,11.63,0.35999999999999943
FLORMAR TINTED EYEBROW MASCARA BRUNETTE 30 5.5ML,5.59,5.42,0.16999999999999993
FLORMAR OM LASHES HIGH DEFINITION MASCARA 12ML,9.99,9.69,0.3000000000000007
FLORMAR PRECIOUS CURL MASCARA 13.5ML,18.09,17.55,0.5399999999999991
FLORMAR EYEBROW DESIGN KIT 30 MEDIUM 1.8GR,11.09,10.76,0.33000000000000007
FLORMAR QUARTET EYESHADOW 401 COPPER DREAMS 12GR.,6.79,6.59,0.20000000000000018
FLORMAR TRIPLE ACTION MASCARA 8ML,11.99,11.63,0.35999999999999943
FLORMAR MAT TOUCH FOUNDATION M314 LIGHT BEIGE 30ML,16.49,16.0,0.48999999999999844
FLORMAR EYEBROW PENCIL 404 BLACK 1.14GR.,3.69,3.58,0.10999999999999988
FLORMAR PERFECT COVERAGE LIQUID CONCEALER 50 MEDIUM 5ML,4.79,4.65,0.13999999999999968
FLORMAR SILK MATTE LIQUID LIPSTICK 09 NASTY CORAL 4.5ML,6.49,6.3,0.1900000000000004
FLORMAR EYEBROW PENCIL 401 BEIGE 1.14GR.,3.69,3.58,0.10999999999999988
FLORMAR MAT VELVET MATIFYNG FOUNDATION V204  NATURAL BEIGE 35ML,10.19,9.88,0.3099999999999987
FLORMAR STYLE MATIC EYELINER S02 NEW BLACK 0.35GR.,9.79,9.5,0.28999999999999915
FLORMAR HD INVISIBLE COVER 60 IVORY 30ML,11.99,11.63,0.35999999999999943
FLORMAR CONTOUR PALETTE 02 MEDIUM 10GR.,16.29,15.8,0.48999999999999844
FLORMAR SILK MATTE LIQUID LIPSTICK 03 SUNSET 4.5ML,6.49,6.3,0.1900000000000004
FLORMAR SILK MATTE LIQUID LIPSTICK 05 AUTUMN TIMBER 4.5ML,6.49,6.3,0.1900000000000004
FLORMAR HD WEIGHTLESS  LIPSTICK MATTE 13 BORDEAUX 4G,6.39,6.2,0.1899999999999995
FLORMAR MAT VELVET MATIFYNG FOUNDATION V209 GOLDEN BEIGE 35ML,10.19,9.88,0.3099999999999987
FLORMAR COLOR PALETTE EYESHADOW 008 DANCE OF SEPIA 9GR.,11.99,11.63,0.35999999999999943
FLORMAR MAT TOUCH FOUNDATION M305 GOLDEN HONEY 30ML,16.49,16.0,0.48999999999999844
FLORMAR EYEBROW PENCIL 405 BITTER BROWN 1.14GR.,3.69,3.58,0.10999999999999988
BASE CORRECTORA SAMY CREAMY FOUNDATION CLARO-LIGHT,9.03,8.49,0.5399999999999991
LABIAL HYPNOTIZE LIQUID LIPSTICK AMBITIOUS N°01,15.5,15.19,0.3100000000000005
RIMEL EYEBROW LOVER MASCARA BRUNETTE N°03,13.5,13.23,0.2699999999999996
PRIMER ASTRA RITUAL PRIMER MAT EFECT 30ML,20.99,20.57,0.41999999999999815
DELINEADOR LÍQUIDO OJOS EYE LINERBLACK NEGRO INTENSO 6ML,13.99,13.71,0.27999999999999936
DELINEADOR 12H PEN EYELINER XTRA BLACK ASTRA,14.5,14.21,0.28999999999999915
UMBRELLA LIPS CARDAMOMO SPF30 15G,7.5,7.25,0.25
UMBRELLA LIPS MARACUYA SPF30 15G,7.5,7.25,0.25
UMBRELLA LIPS MANGO BICHE SPF30 15G,7.5,7.25,0.25
ESSENCE QUATTRO EYESHADOW 19,5.49,5.49,0.0
ESSENCE SATIN TOUCH BLUSH 10,3.79,3.79,0.0
LABIAL LÍQUIDO CATRICE VOLUMIZING LIP BOOSTER 040,5.79,5.79,0.0
CATRICE HD LIQUID COVERAGE FOUNDATION 010,9.99,9.99,0.0
ESSENCE MATT TOUCH BLUSH 30,3.99,3.99,0.0
ESSENCE EXTREME LASTING EYE PENCIL 05,2.99,2.99,0.0
ESSENCE SATIN TOUCH BLUSH 30,3.79,3.79,0.0
LABIAL LÍQUIDO CATRICE VOLUMIZING LIP BOOSTER 030,5.79,5.79,0.0
"ESMALTE MASGLO BRILLO CON PARTICULAS CORAL 13,5 ML",2.69,2.5,0.18999999999999995
SET DE BROCHAS PARA OJOS- PLIEGUE PERFECTO (2) REAL TECHNIQUES 1707M,13.48,12.74,0.7400000000000002
SET DE BROCHAS PARA OJOS REAL TECHNIQUES 91530,13.48,12.74,0.7400000000000002
SET BROCHAS REAL TECHNIQUE DETALLAR Y DEFINIR X2 ,13.48,12.74,0.7400000000000002
LÁPIZ DELINEADOR DE OJOS SAMY DAY TO NIGHT,9.5,9.12,0.3800000000000008
BRILLO LABIOS ONLY GIRL TOWNLEY  FROZEN  CON LLAVERO,3.99,3.99,0.0
LIPSTICK CATRICE OMBRÉ TWO TONE LIPSTICK 040,6.99,6.78,0.20999999999999996
BASE CATRICE ALL MATT PLUS SHINE CONTROL MAKE UP 027,9.99,9.69,0.3000000000000007
DELINEADOR CATRICE 18H COLOUR & CONTOUR EYE PENCIL 040,3.49,3.39,0.10000000000000009
MASCARA CATRICE GLAM & DOLL SCULPT & VOLUME MASCARA 010,6.49,6.3,0.1900000000000004
LIPSTICK CATRICE OMBRÉ TWO TONE LIPSTICK 050,6.99,6.78,0.20999999999999996
SOMBRAS CATRICE THE MODERN MATT COLLECTION EYESHADOW PALETTE 010,7.79,7.56,0.23000000000000043
DELINEADOR CATRICE SLIM'MATIC ULTRA PRECISE BROW PENCIL WATERPROOF 010,4.99,4.84,0.15000000000000036
DELINEADOR CATRICE KOHL KAJAL 220,2.99,2.9,0.0900000000000003
SET DE BROCHAS REAL TECHNIQUES PARA OJOS 1534M,31.15,29.44,1.7099999999999973
SET DE BROCHAS REAL TECHNIQUES PARA BASE 1533M,31.15,29.44,1.7099999999999973
SET DE BROCHAS ECOTOOLS PARA SOMBRAS 1603M,9.33,8.82,0.5099999999999998
PESTAÑAS POSTIZA ARDELL BANDA EDGY LASH 406,5.58,5.25,0.33000000000000007
ESSENCE ALL I NEED CONCEALER PALETTE 10,5.29,5.29,0.0
CATRICE HD LIQUID COVERAGE FOUNDATION 040,9.99,9.99,0.0
BROCHA ECOTOOLS PARA COLORETE 1306M,10.37,9.8,0.5699999999999985
ESSENCE MAKE ME BROW POWDER PEN 10,3.99,3.99,0.0
CATRICE HD LIQUID COVERAGE FOUNDATION 030,9.99,9.99,0.0
MNY FIT ME MATTE+PORE FDT 355 COCONUT,20.97,20.34,0.629999999999999
MNY PURE 3D POWDER DESTELLO DORADO 330,11.29,10.95,0.33999999999999986
MNY PURE STICK BEIGE SOLEADO 310,13.25,12.85,0.40000000000000036
POLVO DE MAQUILLAJE ASEPXIA BB CLARO MATE - HIDRO FORCE 10 G,12.58,12.58,0.0
MAQUILLAJE EN CREMA ASEPXIA CON HIDRO FORCE 10G,12.58,12.58,0.0
POLVO DE MAQUILLAJE ASEPXIA BB BEIGE MATE - HIDRO FORCE 10 G,12.58,12.58,0.0
BRILLO LABIAL LIP SMACKER FANTA STRAWBERRY CUP 7.4 GR,5.37,4.3,1.0700000000000003
NIVEA LIP FRUITY SHINE DURANZO,4.89,3.67,1.2199999999999998
SOMBRA DE OJOS PALLADIO CITY LIGHTS,10.81,10.49,0.3200000000000003
PALLADIO SOMBRA MATTE STROLL EDM05 2.7GR,10.81,10.49,0.3200000000000003
SOMBRA DE OJOS PALLADIO HERBAL SHADOW,10.81,10.49,0.3200000000000003
MNY PURE 3D POWDER CLARO DORADO 310,11.29,10.95,0.33999999999999986
MNY PURE 3D POWDER CREMA CLARO 230,11.29,10.95,0.33999999999999986
SOMBRA DE OJOS PALLADIO OPPENING NIGHT,10.81,10.49,0.3200000000000003
SOMBRA DE OJOS PALLADIO SOIRÉE,10.81,10.49,0.3200000000000003
SOMBRA DE OJOS PALLADIO STROLL IN THE PARK,10.81,10.49,0.3200000000000003
PALLADIO BASE LIQUIDA SANDY BEIGE PFS04 20ML,17.9,17.36,0.5399999999999991
BASE LÍQUIDA PALLADIO VAINILLA 27ML,17.9,17.36,0.5399999999999991
SOMBRA DE OJOS PALLADIO CITY BLUES,10.81,10.49,0.3200000000000003
BROCHA ECOTOOLS PARA POLVO SUELTO 1600M,12.54,11.85,0.6899999999999995
SET DE BROCHAS ECOTOOLS PARA CEJAS 1607M,7.78,7.35,0.4300000000000006
CEPILLO PARA CEJAS FREESTYLE  B-6049-4,3.3,3.2,0.09999999999999964
ALMAY SOMBRAS TRIO BLISTER-IIC SMOKING,15.17,14.71,0.4599999999999991
ALMAY SOMBRAS TRIO IIC EVENING SMOKY-IIC EVENING SMOKY BR,15.17,14.71,0.4599999999999991
ALMAY SS BTTR KISS LIPSTCK PINK,13.04,12.65,0.3899999999999988
DELINEADOR OJOS MAYBELLINE COLOR SHOW LINER 100 ULTRA BLACK,7.85,7.61,0.23999999999999932
LABIAL SAMY SEMI MATTE ORANGE,9.51,9.22,0.28999999999999915
LUMED  BASE COMPACTA TONO OSCURO X 11G HID019,35.99,34.91,1.0800000000000054
SET DE BROCHAS ECOTOOLS PARA CORRECCION IMPERFECCIONES 1630M,9.33,8.82,0.5099999999999998
ESPONJA PARA CUTIS REAL TECHNIQUES MIRACLE COMPLEXION,9.62,9.09,0.5299999999999994
LIP SMACKER SETX3 NAVIDEÑO SNOWMAN ,7.77,7.23,0.5399999999999991
LIP SMACKER SETX3 NAVIDEÑO CASCANUECES 80641,7.77,7.23,0.5399999999999991
CALA PESTANA POSTIZAS 33001,2.7,2.55,0.15000000000000036
CALA PESTANA POSTIZAS 33003,2.7,2.55,0.15000000000000036
CORRECTOR LIQUIDO PALLADIO  UNDER EYES FRAPPE 10GR PCT08,14.5,13.63,0.8699999999999992
PALLADIO CORRECTOR LIQUIDO UNDER EYES TOF0FEE 10GR PCT05,14.5,13.63,0.8699999999999992
CORRECTOR LIQUIDO PALLADIO  UNDER EYES PEACH TEA 10GR PCT12,14.5,13.63,0.8699999999999992
MASCARA DE CEJAS EN GEL ESSENCE COLOR 01 3.8 ML,3.99,3.87,0.1200000000000001
SOMBRA DE OJOS CATRICE PEACH ME UP 5 GR,3.99,3.87,0.1200000000000001
SOMBRA OJOS ESSENCE  17,2.52,2.44,0.08000000000000007
SOMBRA OJOS ESSENCE  14,2.49,2.42,0.07000000000000028
DELINEADOR CEJAS ESSENCE DESIGNER 05,2.79,2.71,0.08000000000000007
SOMBRA OJOS ESSENCE  13,2.52,2.44,0.08000000000000007
MASCARA PALLADIO BROW OBSESSED CEJAS MEDIUM/DARK BR02,12.25,11.88,0.3699999999999992
PALLADIO LABIAL MATTE METALICO GILDED LV15,12.25,11.88,0.3699999999999992
BASE MAQUILLAJE ESSENCE STAY ALL DAY ,3.99,3.87,0.1200000000000001
RUBOR MATE ESSENCE MATT TOUCH BLUSH  20,3.99,3.87,0.1200000000000001
BASE MAQUILLAJE ESSENCE STAY ALL DAY 7 ML,3.99,3.87,0.1200000000000001
MASCARA ESSENCE LASH PRINCESS ,4.99,4.84,0.15000000000000036
SOMBRA OJOS ESSENCE  10,2.52,2.44,0.08000000000000007
BRILLO LABIAL LIP SMACKER SANDÍA 4 GR,2.68,2.14,0.54
BRILLO LABIAL LIP SMACKER DIFERENTES SABORES ,6.44,5.15,1.29
BRILLO LABIAL LIP SMACKER PARTY PACK ORIGINALS ,11.82,10.99,0.8300000000000001
BRILLO LABIAL LIP SMACKER COCA COLA CUP 7.4 GR,5.37,4.3,1.0700000000000003
BRILLO LABIAL LIP SMACKER CHICLE 4 GR,2.68,2.49,0.18999999999999995
BRILLO LABIAL LIP SMACKER PARTY PACK COKE X8,11.82,9.46,2.3599999999999994
BRILLO LABIAL LIP SMACKER ALGODON AZUCAR 4 GR,2.68,2.14,0.54
CATRICE PRÊT-À-LUMIÈRE LONGLASTING EYESHADOW 070,5.79,5.79,0.0
CATRICE PRÊT-À-LUMIÈRE LONGLASTING EYESHADOW 040,5.79,5.79,0.0
MASCARA CATRICE PRET A VOLUME SMOKEY VELVET BLACK 010,6.99,6.99,0.0
SOMBRAS ESSENCE MY MUST HAVES EYESHADOW 13,1.99,1.93,0.06000000000000005
FIJADOR DE MAQUILLAJE ESSENCE INSTANT MATT MAKE-UP SETTING SPRAY,4.99,4.84,0.15000000000000036
SOMBRAS ESSENCE MY MUST HAVES EYESHADOW 05,1.99,1.93,0.06000000000000005
SOMBRAS ESSENCE MY MUST HAVES PALETTE 4SOMBRAS,1.99,1.93,0.06000000000000005
SOMBRAS ESSENCE MY MUST HAVES EYESHADOW 17,1.99,1.93,0.06000000000000005
ESMALTES OPI COLOR BLACK ONYX 15 ML,11.91,11.55,0.35999999999999943
ESMALTE MASGLO URBANA 13ML,2.99,2.78,0.2100000000000004
PALLADIO CORRECTOR LIQUIDO UNDER EYES VANILLA LATTE 10GR PCT02,14.5,13.63,0.8699999999999992
PALLADIO CORRECTOR LIQUIDO UNDER EYES LEMONADE 10GR PCT11,14.5,13.63,0.8699999999999992
BRILLO DE LABIOS ESSENCE SHINE SHINE SHINE LIPGLOSS 07,2.99,2.9,0.0900000000000003
BRILLO DE LABIOS ESSENCE SHINE SHINE SHINE LIPGLOSS 03,2.99,2.9,0.0900000000000003
SOMBRAS ESSENCE MY MUST HAVES EYESHADOW 12,1.99,1.93,0.06000000000000005
SOMBRAS ESSENCE EYE & FACE PALETTE 01,5.99,5.81,0.1800000000000006
MASCARA ESSENCE VOLUME STYLIST 18H CURL & HOLD MASCARA,4.49,4.36,0.1299999999999999
SOMBRAS ESSENCE I LOVE COLOUR INTENSIFYING EYESHADOW BASE,3.59,3.48,0.10999999999999988
LAPIZ DE LABIOS DRAW THE LINE INSTANT COLOUR 0.25 GR 12 ESSENCE,2.49,2.42,0.07000000000000028
LABIAL COLOUR UP SHINE ON 3.5 GR 06 ESSENCE,3.79,3.68,0.10999999999999988
SOMBRA DE CEJAS MY MUST HAVES 1.8 GR 10 ESSENCE,2.49,2.42,0.07000000000000028
KIT DE CEJAS STYLIST 2 GR 01 ESSENCE,3.99,3.87,0.1200000000000001
MASCARA DE PESTAÑAS VOLUME HERO 7 ML 01 ESSENCE,4.79,4.65,0.13999999999999968
MASCARA DE PESTAÑAS  GET BIG LASHES VOLUME BOOST WATERPROOF 12 ML 01 ESSENCE,3.99,3.87,0.1200000000000001
CUIDADO DE LA PIEL EUCERIN DERMOPURE COVER STICK 2/5 GEU019,16.31,16.15,0.16000000000000014
"ESMALTE MASGLO PRIMERA DAMA 13,5 ML",2.69,2.5,0.18999999999999995
"ESMALTE MASGLO BRILLO CONFIANZA 13,5 ML",2.69,2.5,0.18999999999999995
"ESMALTE MASGLO HUMANA 13,5 ML",2.69,2.5,0.18999999999999995
"ESMALTE MASGLO COMPULSIVA 13,5 ML",2.69,2.5,0.18999999999999995
"ESMALTE MASGLO LUCHADORA 13,5 ML",2.69,2.5,0.18999999999999995
"ESMALTE MASGLO INCONFUNDIBLE 13,5 ML",2.69,2.5,0.18999999999999995
"ESMALTE MASGLO DIVA 13,5 ML",2.69,2.5,0.18999999999999995
"ESMALTE MASGLO BRILLO AJEDREZ 13,5 ML",2.69,2.5,0.18999999999999995
"ESMALTE MASGLO  DINAMICA 13,5 ML",2.69,2.5,0.18999999999999995
"ESMALTE MASGLO BOHEMIA 13,5 ML",2.69,2.5,0.18999999999999995
BLENDING SPONGE DUO(HOT PINK-76287,8.79,8.31,0.47999999999999865
PESTAÑAS POSTIZA ARDELL BANDA PROFESS MEGA VOLUME 252,8.4,7.9,0.5
PESTAÑAS POSTIZA ARDELL PROFESS DOUBLE UP 208,8.4,7.9,0.5
PESTAÑAS POSTIZA ARDELL BANDA SOFT TOUCH 156 BLACK,5.58,5.25,0.33000000000000007
PESTAÑAS POSTIZA ARDELL BANDA NATURAL BABIES NEGRA,5.58,5.25,0.33000000000000007
LABIAL LIQUIDO VOGUE COLORISSIMO MALTEADA 5ML,6.6,6.4,0.1999999999999993
ILUMINADOR VOGUE ROSA 5G,3.45,3.35,0.10000000000000009
LABIAL LIQUIDO VOGUE COLORISSIMO ATRACCION REN 5ML,6.6,6.4,0.1999999999999993
BASE LIQUIDA VOGUE RESIST FPS15 CAPUCCINO 30ML,11.31,10.97,0.33999999999999986
RUBOR VOGUE BLUSH COMPACTO RED RED 4G,3.79,3.68,0.10999999999999988
BRILLO LABIAL LIP SMACKER SPRITE 4 GR,2.77,2.22,0.5499999999999998
LABIAL LIQUIDO VOGUE COLORISSIMO MARTINI 15ML,6.6,6.4,0.1999999999999993
MAQUILLAJE DE CEJAS VOGUE MASCARA DE CEJAS CAOBA 8G,7.34,7.12,0.21999999999999975
ESMALTE VOGUE EFECTO GEL GRATITUD 14ML,4.12,4.0,0.1200000000000001
MAQUILLAJE DE CEJAS VOGUE MASCARA DE CEJAS CAMEL 8G,7.34,7.12,0.21999999999999975
LABIAL BARRA VOGUE COLORISSIMO LARGA DURACION LAVANDA 2G,6.94,6.73,0.20999999999999996
RUBOR VOGUE BLUSH COMPACTO BRONCE 4G,3.79,3.68,0.10999999999999988
BASE LIQUIDA VOGUE RESIST FPS15 MIEL 30ML,11.31,10.97,0.33999999999999986
LABIAL LIQUIDO VOGUE COLORISSIMO ROSA POP REN 5 ML,6.6,6.4,0.1999999999999993
BASE LIQUIDA VOGUE RESIST FPS15 PORCELANA 30ML,11.31,10.97,0.33999999999999986
ILUMINADOR VOGUE MARFIL 5G,3.45,3.35,0.10000000000000009
POLVOS BRONCEADOR VOGUE ROSA PERLADO 14G,6.68,6.48,0.1999999999999993
RUBOR VOGUE BLUSH COMPACTO PRINCESA 4G,3.79,3.68,0.10999999999999988
LABIAL LIQUIDO VOGUE COLORISSIMO GRANATE 5ML,6.6,6.4,0.1999999999999993
LABIALES COLOR MANIAC VOGUE VOGUE PASION 4G,6.37,6.18,0.1900000000000004
LABIALES COLOR MANIAC VOGUE VOGUE DULCE MANDARINA 4G,6.37,6.18,0.1900000000000004
LABIAL LIQUIDO VOGUE COLORISSIMO VIOLETA REN 5ML,6.6,6.4,0.1999999999999993
POLVO COMPACTO VOGUE DE ARROZ CON AVENA VAINILLA 11G,6.41,6.22,0.1900000000000004
BALSAMO DE LABIO VOGUE KISS MY LIPS BRIL CACAO 4.8G,4.37,4.24,0.1299999999999999
BASE COMPACTA VOGUE EFECTO TOTAL 6 ACABADO POLVO FPS25 AVELLANA 14G,9.06,8.79,0.27000000000000135
LABIALES COLOR MANIAC VOGUE ROSA OCASO 4G,6.37,6.18,0.1900000000000004
LABIAL BARRA VOGUE COLORISSIMO LARGA DURACION ROSA MUNECA 2G,6.94,6.73,0.20999999999999996
LABIAL LIQUIDO VOGUE COLORISSIMO CARNAVAL 5ML,6.6,6.4,0.1999999999999993
LABIALES COLOR MANIAC VOGUE VOGUE AZUCAR 4G,6.37,6.18,0.1900000000000004
LABIAL MAYBELLINE COLOR SENS MATTES FAINT FOR FUSCHIA,15.99,15.51,0.4800000000000004
LABIAL MAYBELLINE COLOR SENS VIVIDS PINK POP,15.99,15.51,0.4800000000000004
BRILLO LABIAL NIVEA LIP CARE MORA,4.89,4.74,0.14999999999999947
LIP SMACKER COFFEE PARTY PACK,11.82,9.46,2.3599999999999994
LIP SMACKER TROPICAL FEVER PARTY PACK,11.82,9.46,2.3599999999999994
SOMBRAS MAYBELLINE THE NUDES MAYBELLINE NEW YORK  PALLETE,23.56,22.85,0.7099999999999973
MASCARA MAYBELLINE BROW DRAMA DEEP BROWN,14.22,13.79,0.4300000000000015
LABIAL MAYBELLINE COLOR SENS VIVIDS FUCHSIA FLASH,15.99,15.51,0.4800000000000004
LABIAL MAYBELLINE COLOR SENS MATTES CRAVING CORAL,15.99,15.51,0.4800000000000004
LABIAL MAYBELLINE COLOR SENS MATTES SIREN IN SCARLET,15.99,15.51,0.4800000000000004
LABIAL MAYBELLINE COLOR SENS MATTES NUDE EMBRACE,15.99,15.51,0.4800000000000004
MASCARA MAYBELLINE BROW DRAMA SOFT BROWN,14.22,13.79,0.4300000000000015
LABIAL MAYBELLINE COLOR SENS VIVIDS VIVID ROSE,15.99,15.51,0.4800000000000004
LIP SMACKER BRILLO LABIAL SINGLE PINK LEMONADE,2.68,2.14,0.54
ESMALTE MASGLO EMPRENDEDORA 13ML,2.69,2.5,0.18999999999999995
BRILLO LABIAL LUV2KISS MANZANA 2021,3.08,2.99,0.08999999999999986
LABIAL MAYBELLINE COLOR SENSATIONAL BOLDS PITCH BLACK,15.52,15.05,0.46999999999999886
SHIMMER - CHERRY  0.09 OZ   (2.6G),9.52,9.04,0.4800000000000004
LIP STICK BURTS BEES SUNSET CRUISE 523  0.12 OZ (3.4 G),20.61,19.58,1.0300000000000011
BRILLO LABIAL LUV2KISS UVA 2003,3.08,2.99,0.08999999999999986
BRILLO LABIAL LUV2KISS CHOCOLATE 2022,3.08,2.99,0.08999999999999986
BRILLO LABIAL LUV2KISS MANGO 2004,3.08,2.99,0.08999999999999986
BRILLO LABIAL LUV2KISS  CITRUS 2001,3.08,2.99,0.08999999999999986
BRILLO LABIAL LUV2KISS MIEL 2024,3.08,2.99,0.08999999999999986
BRILLO LABIAL LUV2KISS MENTA 2002,3.08,2.99,0.08999999999999986
LABIAL MAYBELLINE COLOR SENS MATTES DIVINE WINE,15.99,15.51,0.4800000000000004
LABIAL MAYBELLINE COLOR SENS VIVIDS ON FIRE RED,15.99,15.51,0.4800000000000004
LABIAL MAYBELLINE COLOR SENS VIVIDS BRAZEN BERRY,15.99,15.51,0.4800000000000004
LABIAL MAYBELLINE COLOR SENS VIVIDS SHOCKING CORAL,15.99,15.51,0.4800000000000004
LAPIZ LABIAL BURTS BEES SUEDE SPLASH #502   0.12 OZ (3.4 G),20.61,19.58,1.0300000000000011
LÁPIZ LABIAL BURTS BEES ICED IRIS #510  0.12 OZ (3.4 G),20.61,19.58,1.0300000000000011
LÁPIZ LABIAL BURTS BEES - BLUSH BASIN #501  0.12 OZ (3.4 G),20.61,19.58,1.0300000000000011
LABIAL SAMY METÁLICO# 4. ON FIRE,7.99,7.75,0.2400000000000002
LABIAL MAYBELLINE COLOR SENS BOLDS MIDNIGHT MERLOT,15.52,15.05,0.46999999999999886
TEARD DROP BLENDING SPONGE-MINT-76293,5.85,5.53,0.3199999999999994
BLENDING SPONGE DUO(PURPLE/MINTY)-76288,8.79,8.31,0.47999999999999865
ANTI-IMPERFECCIONES LA ROCHE POSAY INNOVACION EFFACLAR DUO Y CORRECTOR 40 ML,30.88,29.34,1.5399999999999991
"ESMALTE MASGLO ACELERADA 13,5 ML",2.69,2.5,0.18999999999999995
"ESMALTE MASGLO QUERENDONA 13,5 ML",2.69,2.5,0.18999999999999995
"ESMALTE MASGLO BRILLO CON PARTICULAS ROSA 13,5 ML",2.69,2.5,0.18999999999999995
"ESMALTE MASGLO GRANIZADO DORADO 13,5 ML",2.69,2.5,0.18999999999999995
"ESMALTE MASGLO EXPERIMENTADA 13,5 ML",2.69,2.5,0.18999999999999995
GOURD BLENDING  SPONGE-PURPLE-76298,5.85,5.53,0.3199999999999994
BUT FIRST WE SLAY-4PC GOLD SET-76193,14.64,13.83,0.8100000000000005
GOURD BLENDING  SPONGE-CORAL-76297,5.85,5.53,0.3199999999999994
SLANTED BLENDING SPONG-ORANGE-76294,5.85,5.53,0.3199999999999994
TEARD DROP BLENDING SPONGE-PINK-76291,5.85,5.53,0.3199999999999994
MASCARA MAYBELLINE COLOSSAL INDESTRUCTIBLE WATERPROOF 9.5 ML,19.75,19.16,0.5899999999999999
SET DE BROCHAS PARA SOMBRAS REAL TECHNIQUES INSTAPOP (2) 1737M,13.48,12.74,0.7400000000000002
BROCHA ECOTOOLS WONDER COVER 1601,19.24,18.18,1.0599999999999987
MASCARA MAYBELLINE LASH SENSATIONAL WATERPROOF 9.0 ML,19.65,19.06,0.5899999999999999
BROCHA PARA SOMBRAS ECOTOOLS WONDER IMPACT 1608,7.13,6.74,0.3899999999999997
ESMALTE MASGLO TRAIDORA 13ML,2.69,2.5,0.18999999999999995
LABIAL LIQUIDO ESSENCE COLOUR BOOST MAD ABOUT MATTE 03 8ML,4.79,4.79,0.0
SOMBRA ESSENCE MELTED CHROME 06 2GR,4.79,4.79,0.0
LABIAL ESSENCE VELVET MATTE 01 3.8GR,3.79,3.79,0.0
LABIAL SAMY METÁLICO # 1. MOONLIGHT,7.99,7.75,0.2400000000000002
SOMBRAS SAMY PALETA X 12 COMP # 2. PERSIAN DESERT,15.99,15.51,0.4800000000000004
LABIAL SAMY METÁLICO # 3. FROZEN WOOD,7.99,7.75,0.2400000000000002
PALETA DE SOMBRAS NUDE + DELINEADOR + BROCHA THE COLOR WORKSHOP,8.41,7.99,0.41999999999999993
DELINEADOR PARA OJOS EXTREME ESSENCE LASTING PENCIL EYE 07,2.99,2.9,0.0900000000000003
MAQUILLAJE LIQUIDO ASEPXIA BB AUTOAJUSTABLE 30ML,12.58,12.58,0.0
FIJADOR PRIME CATRICE AND FINE MULTITALENT  50 ML,7.49,7.49,0.0
"MASCARA DE CEJAS BROW COLORIST SEMI-PERMANET  3,8 ML 010",6.29,6.29,0.0
"MASCARA DE CEJAS CATRICE BROW COLORIST SEMI-PERMANET  3,8 ML 030",6.29,6.29,0.0
"BALSAMO CATRICE VOLUMIZING  3,5 GR 030",6.49,6.49,0.0
SOMBRA CATRICE STIX 1 GR 040,6.99,6.99,0.0
SOMBRA CATRICE HIGHLIGHTING 2 GR 040,3.79,3.79,0.0
ESMALTE DE UÑAS CATRICE PEELOFF GLAM EASY TO REMOVE EFFECT  11 ML 02,4.29,4.29,0.0
LABIAL SUPERSTAY MAYBELLINE MATTE INK ESCAPIST 45,17.65,17.12,0.5299999999999976
"LABIAL CATRICE CHARMING FAIRY LIP GLOW  4,2 GR 010",7.99,7.99,0.0
RUBOR BOX CATRICE 6 GR 030,5.49,5.49,0.0
"LAPIZ DE CEJAS CATRICE SLIM'MATIC ULTRA PRECISE WATERPROOF  0,05 GR 040",4.99,4.99,0.0
RUBOR BOX CATRICE 6 GR 060,5.49,5.49,0.0
BALSAMO CATRICE DEWY-FUL LIPS CONDITIONING  8 ML 020,6.49,6.49,0.0
"LAPIZ DE CEJAS CATRICE STYLIST  1,6 GR 025",3.79,3.79,0.0
"LAPIZ DE CEJAS CATRICE STYLIST  1,6 GR 045",3.79,3.79,0.0
DELINEADOR DE CEJAS CATRICE COMB DESIGNER PRO  1 ML 020,6.29,6.29,0.0
RUBOR BOX CATRICE 6 GR 040,5.49,5.49,0.0
SOMBRA CATRICE LIQUID METAL LONGLASTING CREAM  6 ML 070,5.49,5.49,0.0
"MASCARA DE CEJAS CATRICE BROW COLORIST SEMI-PERMANET  3,8 ML 020",6.29,6.29,0.0
SOMBRA CATRICE ART COULEURS  2 GR 230,3.69,3.69,0.0
SOMBRA CATRICE THE BLAZING BRONZE COLLECTION PALETTE 10 GR 010,7.99,7.99,0.0
PRIMER LIGHT CATRICE CORRECTING SERUM  14 ML 020,6.99,6.99,0.0
MASCARA DE PESTAÑAS THE LITTLE BLACK ONE VOLUME TRUE BLACK  11 ML 010,7.49,7.49,0.0
SOMBRA CATRICE STIX 1 GR 010,6.99,6.99,0.0
RUBOR BOX CATRICE 6 GR 010,5.49,5.49,0.0
ILUMINADOR CATRICE ARTIC GLOW  8 GR 010,7.99,7.99,0.0
RUBOR BOX CATRICE 6 GR 020,5.49,5.49,0.0
SOMBRA CATRICE THE GLITTERIZER MIX N MATCH PALETTE  8 GR 010,9.99,9.99,0.0
RUBOR BOX CATRICE 6 GR 050,5.49,5.49,0.0
BALSAMO CATRICE DEWY-FUL LIPS CONDITIONING  8 ML 040,6.49,6.49,0.0
BALSAMO CATRICE DEWY-FUL LIPS CONDITIONING  8 ML 030,6.49,6.49,0.0
SOMBRA CATRICE GLOWDOSCOPE HIGHLIGHTER PALETTE 6 GR,6.99,6.99,0.0
SOMBRA CATRICE STIX 1 GR 030,6.99,6.99,0.0
SET ECOTOOLS FIND YOUR BALANCE 5 PIEZAS 1640,24.84,23.6,1.2399999999999984
SOMBRA CATRICE LIQUID METAL LONGLASTING CREAM  6 ML 060,5.49,5.49,0.0
MASCARA DE PESTAÑAS THE LITTLE BLACK ONE VOLUME WATERPROOF 11 ML 010,7.49,7.49,0.0
BALSAMO CATRICE DEWY-FUL LIPS CONDITIONING  8 ML 010,6.49,6.49,0.0
CORRECTOR CATRICE CAMOUFLAGE CREAM  3 GR 015,4.99,4.99,0.0
ESMALTE DE UÑAS CATRICE PEELOFF GLAM EASY TO REMOVE EFFECT  11 ML 01,4.29,4.29,0.0
SOMBRA CATRICE STIX 1 GR 050,6.99,6.99,0.0
ESMALTE DE UÑAS CATRICE PEELOFF GLAM EASY TO REMOVE EFFECT  11 ML 03,4.29,4.29,0.0
LABIAL SUPERSTAY MAYBELLINE MATTE INK CREATOR 35,17.65,17.12,0.5299999999999976
SOMBRA CATRICE ART COULEURS  2 GR 220,3.69,3.69,0.0
"LAPIZ DE CEJAS CATRICE STYLIST  1,6 GR 035",3.79,3.79,0.0
ESMALTE DE UÑAS CATRICE PEELOFF GLAM EASY TO REMOVE EFFECT  11 ML 04,4.29,4.29,0.0
BRONCEADORES PHYSICIANS FORMULA MURUMURU BUTTER BRONZER LIGHT 6675,21.94,21.28,0.6600000000000001
ILUMINADORES PHYSICIANS FORMULA MINERAL PERLAS BEIGE 7041,20.59,19.97,0.620000000000001
SOMBRAS PHYSICIANS FORMULA PALETA BRONZE NUDE 6633,17.16,16.65,0.5100000000000016
BASES LIQUIDAS PHYSICIANS FORMULA HEALTHY FOUNDATION SPF20 LW2,21.94,21.28,0.6600000000000001
LABIAL LIQUIDO ESSENCE COLOUR BOOST MAD ABOUT MATTE 02 8ML,4.79,4.79,0.0
CORRECTOR ESSENCE CAMOUFLAGE + MATT 10 5ML,4.99,4.99,0.0
BASE ESSENCE INSTA PERFECT LIQUID MAKE UP 50 30ML,7.29,7.29,0.0
LABIAL LIQUIDO ESSENCE COLOUR BOOST MAD ABOUT MATTE 05 8ML,4.79,4.79,0.0
MASCARA ESSENCE DE PESTAÑAS VOLUME HERO WATERPROOF 01 7ML,4.89,4.89,0.0
LABIAL ESSENCE VELVET MATTE 04 3.8GR,3.79,3.79,0.0
LABIAL ESSENCE VELVET MATTE 03 3.8GR,3.79,3.79,0.0
PRIMER ESSENCE PRIME + STUDIO MATTIFYING + PORE MINIMIZING 30ML,5.59,5.59,0.0
BASE ESSENCE INSTA PERFECT LIQUID MAKE UP 30 30ML,7.29,7.29,0.0
BÁLSAMO LABIAL LIP SMACKER CHERRY COKE CUP 7.4 GR,5.37,4.3,1.0700000000000003
LABIALES LIQUIDOS PHYSICIANS FORMULA HEALTHY NOIR-ISHING PLUM 589,11.65,11.3,0.34999999999999964
BRONCEADORES PHYSICIANS FORMULA ARGAN WEAR Y BROCHAS LIGHT 6439,21.94,21.28,0.6600000000000001
LABIALES LIQUIDOS PHYSICIANS FORMULA HEALTHY DOSE OF ROSE 021,11.65,11.3,0.34999999999999964
BRONCEADORES PHYSICIANS FORMULA PERFECTING GLOW LIGTH TO MEDIUM 7853,23.3,22.6,0.6999999999999993
ILUMINADORES PHYSICIANS FORMULA MINERAL PERLAS LIGTH BRONZE 7042,20.59,19.97,0.620000000000001
BASE CUSHION PHYSICIANS FORMULA CUSHION FOUNDATON SPF 50 MEDIUM 6680,24.86,24.11,0.75
ILUMINADORES PHYSICIANS FORMULA MINERAL PERLAS TRASLUCIDO 7040,20.59,19.97,0.620000000000001
LABIALES LIQUIDOS PHYSICIANS FORMULA HEALTHY ALL-NATURAL NUDE 018,11.65,11.3,0.34999999999999964
BASES LIQUIDAS PHYSICIANS FORMULA HEALTHY FOUNDATION SPF20 DW2,21.94,21.28,0.6600000000000001
LABIAL LIQUIDO ESSENCE COLOUR BOOST MAD ABOUT MATTE 07 8ML,4.79,4.79,0.0
LABIAL LIQUIDO ESSENCE MELTED CHROME 01 2.3ML,4.79,4.79,0.0
MASCARA DE PESTAÑAS ESSENCE I LOVE EXTREME CURL & VOLUME 01 12ML,4.39,4.39,0.0
SOMBRA ESSENCE MELTED CHROME 02 2GR,4.79,4.79,0.0
POLVO COMPACTO ESSENCE MY MUST HAVES 04 2GR,3.29,3.29,0.0
ESMALTE DE UÑAS ESSENCE COSMIC LIGHTS 04 8ML,3.19,3.19,0.0
LABIAL LIQUIDO ESSENCE COLOUR BOOST MAD ABOUT MATTE 04 8ML,4.79,4.79,0.0
LABIAL LIQUIDO ESSENCE MELTED CHROME 03 2.3ML,4.79,4.79,0.0
LABIAL LIQUIDO ESSENCE COLOUR BOOST MAD ABOUT MATTE 09 8ML,4.79,4.79,0.0
LABIAL ESSENCE VELVET MATTE 06 3.8GR,3.79,3.79,0.0
SOMBRA ESSENCE MELTED CHROME 05 2GR,4.79,4.79,0.0
MASCARA DE PESTAÑAS ESSENCE I NEED A MIRACLE! VOLUMIZING & STRENGTHENING 01 16ML,5.49,5.49,0.0
SOMBRA ESSENCE MELTED CHROME 04 2GR,4.79,4.79,0.0
LABIAL LIQUIDO ESSENCE MELTED CHROME 04 2.3ML,4.79,4.79,0.0
POLVO COMPACTO ESSENCE MY MUST HAVES 02 2GR,3.29,3.29,0.0
BRILLO LABIAL ESSENCE SHINE 15 5ML,2.99,2.99,0.0
BRILLO LABIAL ESSENCE SHINE 17 5ML,2.99,2.99,0.0
POLVO COMPACTO ESSENCE MY MUST HAVES 03 2GR,3.29,3.29,0.0
LABIAL LIQUIDO ESSENCE COLOUR BOOST MAD ABOUT MATTE 01 8ML,4.79,4.79,0.0
BASE ESSENCE INSTA PERFECT LIQUID MAKE UP 10 30ML,7.29,7.29,0.0
SOMBRA ESSENCE MELTED CHROME 01 2GR,4.79,4.79,0.0
ESMALTE DE UÑAS ESSENCE COSMIC LIGHTS 03 8ML,3.19,3.19,0.0
ESMALTE DE UÑAS ESSENCE COSMIC LIGHTS 01 8ML,3.19,3.19,0.0
POLVO COMPACTO ESSENCE MY MUST HAVES 01 2GR,3.29,3.29,0.0
ESMALTE DE UÑAS ESSENCE COSMIC LIGHTS 02 8ML,3.19,3.19,0.0
BRILLO LABIAL ESSENCE SHINE 16 5ML,2.99,2.99,0.0
POLVOS PHYSICIANS FORMULA CORRECTOR TRASLUCIDO MINERAL 7037,20.59,19.97,0.620000000000001
SOMBRA ESSENCE MELTED CHROME 03 2GR,4.79,4.79,0.0
CORRECTOR ESSENCE CAMOUFLAGE + MATT 20 5ML,4.99,4.99,0.0
ESMALTE DE UÑAS ESSENCE COSMIC LIGHTS 05 8ML,3.19,3.19,0.0
LABIAL ESSENCE VELVET MATTE 09 3.8GR,3.79,3.79,0.0
BASE ESSENCE INSTA PERFECT LIQUID MAKE UP 80 30ML,7.29,7.29,0.0
 BROCHA PARA POLVO REAL TECHNIQUES INSTAPOP 1715M,14.69,13.88,0.8099999999999987
BROCHA PARA MAQUILLAJE ECOTOOLS WONDER COLOR 1611,14.98,14.16,0.8200000000000003
BROCHA PARA MEJILLAS REAL TECHNIQUES INSTAPOP 1736M,13.39,12.65,0.7400000000000002
MASCARA MAYBELLINE LASH SENSATIONAL WASHABLE 9.5 ML,19.65,19.06,0.5899999999999999
SOMBRA STIX 1 GR 090 CATRICE,6.99,6.78,0.20999999999999996
SOMBRA DE CEJAS MY MUST HAVES 1.8 GR 20 ESSENCE,2.49,2.42,0.07000000000000028
CATRICE ART COULEURS EYESHADOW 090,3.69,3.58,0.10999999999999988
CATRICE ICONAILS GEL LACQUER 11,2.69,2.61,0.08000000000000007
DELINEADOR DE LABIOS ESSENCE SOFT CONTOURING LIPLINER 03,1.59,1.54,0.050000000000000044
CATRICE HIGHLIGHTING EYESHADOW 010,3.79,3.68,0.10999999999999988
CATRICE LIQUID LIP POWDER 060,4.99,4.84,0.15000000000000036
ESSENCE LONG-LASTING EYE PENCIL 28,2.29,2.22,0.06999999999999984
DELINEADOR PARA OJOS ESSENCE SUPERLAST EYELINER DEEP BLACK,3.99,3.87,0.1200000000000001
LABIAL ESSENCE ULTRA LAST INSTANT COLOUR LIPSTICK 20,3.19,3.09,0.10000000000000009
DELINEADOR DE LABIOS ESSENCE SOFT CONTOURING LIPLINER 09,1.59,1.54,0.050000000000000044
POLVO DE MAQUILLAJE ASEPXIA BB NATURAL MATE - HIDRO FORCE 10 G,12.58,12.58,0.0
CREMA DE MAQUILLAJE ASEPXIA BB NATURAL MATE - HIDRO FORCE 10G,12.58,12.58,0.0
CATRICE ICONAILS GEL LACQUER 19,2.69,2.61,0.08000000000000007
SOMBRA DE OJOS ESSENCE MY MUST HAVES EYESHADOW 21,1.99,1.93,0.06000000000000005
CATRICE ART COULEURS EYESHADOW 140,3.69,3.58,0.10999999999999988
LABIAL ESSENCE VIBRANT SHOCK LIP PAINT 04,4.29,4.16,0.1299999999999999
CATRICE ICONAILS GEL LACQUER 20,2.69,2.61,0.08000000000000007
ESMALTE DE UÑAS ESSENCE HOLO RAINBOW NAIL POLISH 02,2.99,2.9,0.0900000000000003
BRILLO DE LABIOS ESSENCE MATT MATT MATT LIPGLOSS 09,3.49,3.39,0.10000000000000009
LABIAL CATRICE ULTIMATE MATT LIPSTICK 030,5.39,5.23,0.15999999999999925
DELINEADOR DE LABIOS ESSENCE SOFT CONTOURING LIPLINER 07,1.59,1.54,0.050000000000000044
DELINEADOR DE LABIOS ESSENCE SOFT CONTOURING LIPLINER 11,1.59,1.54,0.050000000000000044
CATRICE LIQUID LIP POWDER 050,4.99,4.84,0.15000000000000036
CATRICE HIGHLIGHTING EYESHADOW 030,3.79,3.68,0.10999999999999988
DELINEADOR PARA OJOS ESSENCE SUPERLAST EYELINER WATERPROOF,4.29,4.16,0.1299999999999999
ESSENCE EYEBROW STYLIST SET 02,3.99,3.87,0.1200000000000001
RIMEL MAYBELLINE PUSH UP ANGEL WP,19.99,19.39,0.5999999999999979
CATRICE ART COULEURS EYESHADOW 050,3.69,3.58,0.10999999999999988
ESSENCE METAL SHOCK SEALING TOP COAT,3.79,3.68,0.10999999999999988
CATRICE LIQUID LIP POWDER 020,4.99,4.84,0.15000000000000036
DELINEADOR DE LABIOS ESSENCE SOFT CONTOURING LIPLINER 05,1.59,1.54,0.050000000000000044
CATRICE ART COULEURS EYESHADOW 110,3.69,3.58,0.10999999999999988
CATRICE ART COULEURS EYESHADOW 080,3.69,3.58,0.10999999999999988
LABIAL ESSENCE MATT  LIPSTICK 14,3.29,3.19,0.10000000000000009
DELINEADOR PARA LABIOS  ESSENCE SOFT CONTOURING LIPLINER 02,1.49,1.45,0.040000000000000036
EFECTO UÑAS ESSENCE METAL SHOCK NAIL POWDER 06,3.79,3.68,0.10999999999999988
RIMEL MAYBELLINE PUSH UP ANGEL WS,19.99,19.39,0.5999999999999979
CATRICE LIQUID METAL LONGLASTING CREAM EYESHADOW 040,4.99,4.84,0.15000000000000036
SOMBRAS PARA OJOS ESSENCE ALL ABOUT THE MAGICAL FOREST EYESHADOW 07,5.99,5.81,0.1800000000000006
CATRICE ART COULEURS EYESHADOW 040,3.69,3.58,0.10999999999999988
BARRA ILUMINADORA ESSENCE PRISMATIC HOLOLIGHTER STICK 10,4.49,4.36,0.1299999999999999
CATRICE ART COULEURS EYESHADOW 070,3.69,3.58,0.10999999999999988
ESSENCE LONG-LASTING EYE PENCIL 27,2.29,2.22,0.06999999999999984
CATRICE PRIME AND FINE MAKE UP TRANSFORMER DROPS DARKENING,4.99,4.84,0.15000000000000036
SOMBRA DE OJOS ESSENCE METAL SHOCK EYESHADOW 03,4.49,4.36,0.1299999999999999
CATRICE GLAM & DOLL FALSE LASHES MASCARA WATERPROOF 010,6.49,6.3,0.1900000000000004
MASCARA DE CEJAS CATRICE LASH BROW DESIGNER SHAPING AND CONDITIONING GEL 010,3.99,3.87,0.1200000000000001
CATRICE ULTIMATE MATT LIPSTICK 010,5.39,5.23,0.15999999999999925
LABIAL ESSENCE ULTRA LAST INSTANT COLOUR LIPSTICK 05,3.19,3.09,0.10000000000000009
SOMBRA PARA OJOS ESSENCE MY MUST HAVES EYESHADOW 23,1.99,1.93,0.06000000000000005
CATRICE ART COULEURS EYESHADOW 130,3.69,3.58,0.10999999999999988
LABIAL ESSENCE METAL SHOCK LIP PAINT 03,4.29,4.16,0.1299999999999999
CATRICE ART COULEURS COLLECTION PALETTE,3.49,3.39,0.10000000000000009
EFECTO DE UÑAS ESSENCE METAL SHOCK NAIL POWDER 02,3.79,3.68,0.10999999999999988
CATRICE ICONAILS GEL LACQUER 28,2.69,2.61,0.08000000000000007
LABIAL ESSENCE ULTRA LAST INSTANT COLOUR LIPSTICK 07,3.19,3.09,0.10000000000000009
ESSENCE VIBRANT SHOCK LIP PAINT 01,4.29,4.16,0.1299999999999999
CATRICE ART COULEURS EYESHADOW 020,3.69,3.58,0.10999999999999988
ILUMINADOR GLOW TO GO 14 GR 10 ESSENCE,6.99,6.78,0.20999999999999996
LAPIZ DE LABIOS DRAW THE LINE INSTANT COLOUR 0.25 GR 05 ESSENCE,2.49,2.42,0.07000000000000028
